Datetime,RotorSpeed,GeneratorSpeed,GeneratorTemperature,WindSpeed,WindSpeed_count,PowerOutput,SpeiseSpannung,StatusAnlage,MaxWindHeute,offsetWindDirection,PitchDeg,Status_rounded
2022-01-14 00:00:00,0.000000,0.000000,3.198328,0.000000,598,0.000000,27.800000,13.000000,0.300000,-0.359532,80.708735,13.000000
2022-01-14 00:10:00,0.000000,0.000000,3.108710,0.000000,597,0.000000,27.800000,13.000000,0.300000,-16.340034,80.708735,13.000000
2022-01-14 00:20:00,0.000000,0.000000,3.110870,0.000000,598,0.000000,27.800000,13.000000,0.300000,-12.071906,80.708735,13.000000
2022-01-14 00:30:00,0.000000,0.000000,3.155444,0.000000,597,0.000000,27.800000,13.000000,0.300000,28.324958,80.708735,13.000000
2022-01-14 00:40:00,0.000000,0.000000,2.945151,0.000000,598,0.000000,27.800000,13.000000,0.300000,-11.794314,80.708735,13.000000
2022-01-14 00:50:00,0.000000,0.000000,2.617224,0.000000,598,0.000000,27.800167,13.000000,0.300000,-17.143813,80.708735,13.000000
2022-01-14 01:00:00,0.000000,0.000000,2.450586,0.000000,597,0.000000,27.800168,13.000000,0.300000,-8.604690,80.708735,13.000000
2022-01-14 01:10:00,0.000000,0.000000,2.368729,0.000000,598,0.000000,27.800000,13.000000,0.300000,22.989967,80.708735,13.000000
2022-01-14 01:20:00,0.060535,0.000000,2.305853,0.014548,598,0.000000,27.800000,13.000000,0.300000,16.538462,80.708735,13.000000
2022-01-14 01:30:00,0.000000,0.000000,2.299162,0.000000,597,0.000000,27.800000,13.000000,0.300000,-1.206030,80.708735,13.000000
2022-01-14 01:40:00,0.000000,0.000000,2.299164,0.000000,598,0.000000,27.800334,13.000000,0.300000,19.627090,80.708735,13.000000
2022-01-14 01:50:00,0.000000,0.000000,2.297487,0.000000,597,0.000000,27.800000,13.000000,0.300000,17.169179,80.708735,13.000000
2022-01-14 02:00:00,0.000000,0.000000,2.298328,0.000000,598,0.000000,27.800000,13.000000,0.300000,0.986622,80.708735,13.000000
2022-01-14 02:10:00,0.000000,0.000000,2.294147,0.000000,598,0.000000,27.800000,13.000000,0.300000,-4.583612,80.708735,13.000000
2022-01-14 02:20:00,0.000000,0.000000,2.298325,0.000000,597,0.000000,27.800000,13.000000,0.300000,-15.112228,80.708735,13.000000
2022-01-14 02:30:00,0.000000,0.000000,2.296656,0.000000,598,0.000000,27.800000,13.000000,0.300000,-3.974916,80.708735,13.000000
2022-01-14 02:40:00,0.000000,0.000000,2.292462,0.000000,597,0.000000,27.800000,13.000000,0.300000,-9.822446,80.708735,13.000000
2022-01-14 02:50:00,0.000000,0.000000,2.283612,0.015050,598,0.000000,27.800334,13.000000,0.300000,15.307692,80.708735,13.000000
2022-01-14 03:00:00,0.000000,0.000000,2.280402,0.000000,597,0.000000,27.800335,13.000000,0.300000,9.968174,80.708735,13.000000
2022-01-14 03:10:00,0.000000,0.000000,2.267057,0.000000,598,0.000000,27.801003,13.000000,0.300000,8.817726,80.708735,13.000000
2022-01-14 03:20:00,0.000000,0.000000,2.260972,0.000000,597,0.000000,27.800168,13.000000,0.300000,-4.301508,80.708735,13.000000
2022-01-14 03:30:00,0.000000,0.000000,2.260702,0.015050,598,0.000000,27.800167,13.000000,0.300000,-10.254181,80.708735,13.000000
2022-01-14 03:40:00,0.000000,0.000000,2.265997,0.000000,597,0.000000,27.800000,13.000000,0.300000,18.683417,80.708735,13.000000
2022-01-14 03:50:00,0.212542,0.000000,2.284114,0.000000,598,0.000000,27.800000,13.000000,0.300000,-6.404682,80.708735,13.000000
2022-01-14 04:00:00,0.760601,0.000000,2.282638,0.015025,599,0.000000,27.800000,13.000000,0.300000,6.267112,80.708735,13.000000
2022-01-14 04:10:00,0.000000,0.000000,2.289130,0.000000,598,0.000000,27.800000,13.000000,0.300000,16.742475,80.708735,13.000000
2022-01-14 04:20:00,0.000000,0.000000,2.268060,0.015050,598,0.000000,27.800000,13.000000,0.300000,21.605351,80.708735,13.000000
2022-01-14 04:30:00,0.000000,0.000000,2.264548,0.000000,598,0.000000,27.800000,13.000000,0.300000,6.295987,80.708735,13.000000
2022-01-14 04:40:00,0.000000,0.000000,2.243049,0.000000,597,0.000000,27.800000,13.000000,0.300000,22.082077,80.708735,13.000000
2022-01-14 04:50:00,0.000000,0.000000,2.210702,0.000000,598,0.000000,27.800000,13.000000,0.300000,12.877926,80.708735,13.000000
2022-01-14 05:00:00,0.000000,0.000000,2.139531,0.000000,597,0.000000,27.800000,13.000000,0.300000,17.365159,80.708735,13.000000
2022-01-14 05:10:00,0.000000,0.000000,2.024749,0.000000,598,0.000000,27.800000,13.000000,0.300000,-0.247492,80.708735,13.000000
2022-01-14 05:20:00,0.000000,0.000000,1.865662,0.000000,597,0.000000,27.800000,13.000000,0.300000,3.428811,80.708735,13.000000
2022-01-14 05:30:00,0.000000,0.000000,1.715552,0.000000,598,0.000000,27.800000,13.000000,0.300000,12.612040,80.708735,13.000000
2022-01-14 05:40:00,0.000000,0.000000,1.519598,0.000000,597,0.000000,27.800000,13.000000,0.300000,20.720268,80.708735,13.000000
2022-01-14 05:50:00,0.000000,0.000000,1.904355,0.000000,597,0.000000,27.800000,13.000000,0.300000,11.922948,80.708735,13.000000
2022-01-14 06:00:00,0.000000,0.000000,2.116722,0.000000,598,0.000000,27.800000,13.000000,0.300000,6.772575,80.708735,13.000000
2022-01-14 06:10:00,0.000000,0.000000,2.003183,0.000000,597,0.000000,27.800000,13.000000,0.300000,11.281407,80.708735,13.000000
2022-01-14 06:20:00,0.000000,0.000000,1.871405,0.000000,598,0.000000,27.800000,13.000000,0.300000,17.506689,80.708735,13.000000
2022-01-14 06:30:00,0.000000,0.000000,1.715578,0.000000,597,0.000000,27.800000,13.000000,0.300000,10.433836,80.708735,13.000000
2022-01-14 06:40:00,0.000000,0.000000,1.572529,0.000000,597,0.000000,27.800000,13.000000,0.300000,6.435511,80.708735,13.000000
2022-01-14 06:50:00,0.000000,0.000000,1.477090,0.000000,598,0.000000,27.800000,13.000000,0.300000,21.005017,80.708735,13.000000
2022-01-14 07:00:00,0.000000,0.000000,1.416918,0.000000,597,0.000000,27.800000,13.000000,0.300000,13.286432,80.708735,13.000000
2022-01-14 07:10:00,0.000000,0.000000,1.351591,0.000000,597,0.000000,27.800000,13.000000,0.300000,13.070352,80.708735,13.000000
2022-01-14 07:20:00,0.000000,0.000000,1.342881,0.000000,597,0.000000,27.800000,13.000000,0.300000,8.319933,80.708735,13.000000
2022-01-14 07:30:00,0.000000,0.000000,1.335117,0.000000,598,0.000000,27.800000,13.000000,0.300000,0.394649,80.708735,13.000000
2022-01-14 07:40:00,0.000000,0.000000,1.333501,0.000000,597,0.000000,27.800000,13.000000,0.300000,7.827471,80.708735,13.000000
2022-01-14 07:50:00,0.000000,0.000000,1.331605,0.000000,598,0.000000,27.800000,13.000000,0.300000,30.187291,80.708735,13.000000
2022-01-14 08:00:00,0.000000,0.000000,1.313400,0.000000,597,0.000000,27.800000,13.000000,0.300000,27.926298,80.708735,13.000000
2022-01-14 08:10:00,0.000000,0.000000,0.285762,0.000000,597,0.000000,27.801173,13.000000,0.300000,-13.742044,80.600297,13.000000
2022-01-14 08:20:00,0.000000,0.000000,-0.449917,0.000000,599,0.000000,27.800501,13.000000,0.300000,106.270451,80.316630,13.000000
2022-01-14 08:30:00,0.001667,0.000000,-0.432833,0.000000,600,0.000000,27.800167,13.000000,0.300000,15.365000,80.343599,13.000000
2022-01-14 08:40:00,0.000000,0.000000,-0.150084,0.000000,593,0.000000,27.801686,13.000000,0.300000,-160.156830,80.371241,13.000000
2022-01-14 09:30:00,0.000000,0.000000,5.836622,0.000000,598,0.000000,27.800000,13.000000,0.300000,37.192308,80.653286,13.000000
2022-01-14 09:40:00,0.000000,0.000000,6.177796,0.000000,599,0.000000,27.800000,13.000000,0.300000,47.218698,80.358806,13.000000
2022-01-14 09:50:00,0.000000,0.000000,6.916528,0.000000,599,0.000000,27.800000,13.000000,0.300000,-105.737896,80.405595,13.000000
2022-01-14 10:00:00,0.000000,0.000000,6.913189,0.000000,599,0.000000,27.800000,13.000000,0.300000,-78.562604,80.321902,13.000000
2022-01-14 10:10:00,0.000000,0.000000,6.905193,0.000000,597,0.000000,27.800000,13.000000,0.300000,100.020101,80.604264,13.000000
2022-01-14 10:20:00,0.000000,0.000000,6.932888,0.000000,599,0.000000,27.800000,13.000000,0.300000,120.592654,80.503804,13.000000
2022-01-14 10:30:00,0.000000,0.000000,8.179967,0.000000,599,0.000000,27.800000,13.000000,0.300000,101.525876,80.708735,13.000000
2022-01-14 10:40:00,0.000000,0.000000,9.633890,0.000000,599,0.000000,27.800000,13.000000,0.300000,0.579299,80.630973,13.000000
2022-01-14 10:50:00,0.000000,0.000000,10.028047,0.015025,599,0.000000,27.800000,13.000000,0.300000,143.048414,80.313994,13.000000
2022-01-14 12:40:00,0.287312,0.000000,10.833723,0.193823,599,0.000000,27.800000,13.000000,1.900000,96.115192,80.313994,13.000000
2022-01-14 12:50:00,0.040234,0.000000,12.382638,0.707679,599,0.000000,27.800000,13.000000,1.900000,81.968280,68.887313,13.000000
2022-01-14 13:00:00,0.000000,0.000000,11.919533,0.546411,599,0.000000,27.800000,13.000000,1.900000,82.036728,14.034000,13.000000
2022-01-14 13:40:00,0.000000,0.000000,10.324374,0.408681,599,0.000000,27.800000,13.000000,1.900000,80.505843,14.034000,13.000000
2022-01-14 13:50:00,0.000000,0.000000,9.721167,0.295667,600,0.000000,27.800000,13.000000,1.900000,76.790000,14.034000,13.000000
2022-01-14 14:00:00,0.000000,0.000000,9.869667,0.196667,600,0.000000,27.800000,13.000000,1.900000,74.896667,14.034000,13.000000
2022-01-14 14:10:00,0.000000,0.000000,9.453088,0.268781,599,0.000000,27.800000,13.000000,1.900000,75.332220,14.034000,13.000000
2022-01-14 14:20:00,0.000000,0.000000,8.837000,0.045000,600,0.000000,27.800000,13.000000,1.900000,78.845000,14.034000,13.000000
2022-01-14 14:30:00,0.000000,0.000000,8.800000,0.045000,600,0.000000,27.800000,13.000000,1.900000,91.303333,14.034000,13.000000
2022-01-14 14:40:00,0.000000,0.000000,8.693656,0.030050,599,0.000000,27.800000,13.000000,1.900000,102.737896,14.034000,13.000000
2022-01-14 14:50:00,0.000000,0.000000,8.058833,0.015000,600,0.000000,27.800000,13.000000,1.900000,119.595000,14.034000,13.000000
2022-01-14 15:00:00,0.000000,0.000000,7.899833,0.029500,600,0.000000,27.800000,13.000000,1.900000,104.755000,14.034000,13.000000
2022-01-14 15:10:00,0.000000,0.000000,7.872621,0.030050,599,0.000000,27.800000,13.000000,1.900000,78.582638,14.034000,13.000000
2022-01-14 15:20:00,0.000000,0.000000,8.412500,0.030000,600,0.000000,27.800000,13.000000,1.900000,72.620000,14.034000,13.000000
2022-01-14 15:30:00,0.499833,0.000000,8.241068,0.259766,599,0.000000,27.800000,13.000000,1.900000,80.559265,37.048831,13.000000
2022-01-14 15:40:00,0.045242,0.000000,8.807513,0.156260,599,0.000000,27.800000,13.000000,1.900000,102.532554,39.489022,13.000000
2022-01-14 15:50:00,0.716333,0.000000,7.986167,0.015000,600,0.000000,27.800000,13.000000,1.900000,30.445000,71.957793,13.000000
2022-01-14 16:00:00,0.000000,0.000000,7.137563,0.035058,599,0.000000,27.800000,13.000000,1.900000,12.577629,80.313994,13.000000
2022-01-14 16:10:00,0.000000,0.000000,7.818197,0.609683,599,0.000000,27.172287,8.202003,1.900000,134.697830,49.254357,8.000000
2022-01-14 16:20:00,0.000000,0.000000,8.800000,0.921870,599,0.000000,27.800000,9.000000,1.900000,149.542571,38.522893,9.000000
2022-01-14 16:30:00,0.000000,0.000000,8.800000,0.687312,599,0.000000,27.800000,9.000000,1.900000,137.585977,38.524002,9.000000
2022-01-14 16:40:00,0.000000,0.000000,8.800835,0.195326,599,0.000000,27.800000,9.000000,1.900000,-44.991653,38.524002,9.000000
2022-01-14 16:50:00,0.000000,0.000000,8.800835,0.268614,599,0.000000,27.800000,9.000000,1.900000,-27.851419,38.524002,9.000000
2022-01-14 17:00:00,0.000000,0.000000,8.799165,0.099666,599,0.000000,27.800000,9.000000,1.900000,-26.979967,38.524002,9.000000
2022-01-14 17:10:00,0.000000,0.000000,8.800835,0.316194,599,0.000000,27.800000,9.000000,1.900000,-36.549249,38.524002,9.000000
2022-01-14 17:20:00,0.000000,0.000000,8.800000,0.199833,599,0.000000,27.800000,9.000000,1.900000,46.634391,38.524002,9.000000
2022-01-14 17:30:00,0.000000,0.000000,8.800000,0.612187,599,0.000000,27.800000,9.000000,1.900000,33.983306,38.523447,9.000000
2022-01-14 17:40:00,0.000000,0.000000,8.799165,0.778130,599,0.000000,27.800000,9.000000,1.900000,54.579299,38.524002,9.000000
2022-01-14 17:50:00,0.000000,0.000000,8.800000,0.836895,599,0.000000,27.800000,9.000000,1.900000,56.323873,38.524002,9.000000
2022-01-14 18:00:00,0.000000,0.000000,8.798331,0.634725,599,0.000000,27.800000,9.000000,1.900000,35.869783,38.524002,9.000000
2022-01-14 18:10:00,0.000000,0.000000,8.794157,0.209683,599,0.000000,27.800000,9.000000,1.900000,61.083472,38.524002,9.000000
2022-01-14 18:20:00,0.000000,0.000000,8.743573,0.042404,599,0.000000,27.800000,9.000000,1.900000,56.145242,38.524002,9.000000
2022-01-14 18:30:00,0.000000,0.000000,8.715025,0.369616,599,0.000000,27.800000,9.000000,1.900000,47.507513,38.524002,9.000000
2022-01-14 18:40:00,0.000000,0.000000,8.642738,0.226878,599,0.000000,27.800000,9.000000,1.900000,55.677796,38.524002,9.000000
2022-01-14 18:50:00,0.000000,0.000000,8.022204,0.110518,599,0.000000,27.800000,9.000000,1.900000,61.971619,38.521229,9.000000
2022-01-14 19:00:00,0.000000,0.000000,7.842905,0.333055,599,0.000000,27.800000,9.000000,1.900000,72.288815,38.325490,9.000000
2022-01-14 19:10:00,0.000000,0.000000,7.505833,0.238333,600,0.000000,27.800000,9.000000,1.900000,57.650000,38.192962,9.000000
2022-01-14 19:20:00,0.000000,0.000000,6.979633,0.171285,599,0.000000,27.800000,9.000000,1.900000,112.642738,38.191855,9.000000
2022-01-14 19:30:00,0.000000,0.000000,6.908514,0.075125,599,0.000000,27.800000,9.000000,1.900000,130.579299,38.191855,9.000000
2022-01-14 19:40:00,0.000000,0.000000,6.765609,0.045075,599,0.000000,27.800000,9.000000,1.900000,-90.786311,38.191855,9.000000
2022-01-14 19:50:00,0.000000,0.000000,6.184808,0.169616,599,0.000000,27.800000,9.000000,1.900000,64.505843,38.191855,9.000000
2022-01-14 20:00:00,0.000000,0.000000,6.005676,0.984474,599,0.000000,27.800000,9.000000,1.900000,159.499165,38.191855,9.000000
2022-01-14 20:10:00,2.433890,0.000000,6.011853,1.752254,599,0.000000,27.800000,9.000000,2.087145,88.569282,38.191855,9.000000
2022-01-14 20:20:00,0.676795,4.091820,6.992487,1.722371,599,0.000000,27.800000,10.078464,2.300000,-0.065109,51.708137,10.000000
2022-01-14 20:30:00,0.909182,0.000000,6.963940,1.745075,599,0.000000,27.800000,9.000000,2.300000,-2.348915,38.191855,9.000000
2022-01-14 20:40:00,4.717696,4.110184,6.780134,1.942237,599,0.000000,27.800000,10.078464,2.300000,2.746244,51.699382,10.000000
2022-01-14 20:50:00,2.896160,4.494157,6.794324,1.761603,599,0.000000,27.800000,10.078464,2.300000,6.687813,51.702519,10.000000
2022-01-14 21:00:00,0.000000,0.000000,6.575292,1.355927,599,0.000000,27.800000,9.000000,2.300000,-3.826377,38.191855,9.000000
2022-01-14 21:10:00,0.000000,0.000000,6.157930,1.028548,599,0.000000,27.800000,9.000000,2.300000,3.028381,38.191855,9.000000
2022-01-14 21:20:00,0.168781,0.000000,6.007679,1.519866,599,0.000000,27.800000,9.000000,2.300000,10.792988,38.191855,9.000000
2022-01-14 21:30:00,6.474290,4.909850,6.037062,2.124541,599,0.000000,27.800000,10.080134,2.638063,16.494157,51.704545,10.000000
2022-01-14 21:40:00,1.284307,0.000000,6.154591,1.303005,599,0.000000,27.800000,9.000000,2.700000,29.579299,38.191855,9.000000
2022-01-14 21:50:00,0.000334,0.000000,5.947579,1.409015,599,0.000000,27.800000,9.000000,2.700000,30.208681,38.191855,9.000000
2022-01-14 22:00:00,5.189816,4.532554,5.444741,2.042571,599,0.000000,27.800000,10.080134,2.700000,13.609349,51.710774,10.000000
2022-01-14 22:10:00,4.878798,8.988314,5.108848,2.328548,599,0.000000,27.800000,11.160267,2.732220,12.415693,65.215808,11.000000
2022-01-14 22:20:00,6.151586,9.851419,5.099165,2.557262,599,0.000000,27.800000,11.160267,2.914357,9.357262,65.208682,11.000000
2022-01-14 22:30:00,2.729883,4.587646,5.086144,2.219533,599,0.000000,27.800000,12.841402,3.100000,6.133556,78.334387,13.000000
2022-01-14 22:40:00,0.223205,0.000000,4.684474,1.474457,599,0.000000,27.800000,13.000000,2.689316,-1.929883,80.313994,13.000000
2022-01-14 22:50:00,0.079500,0.000000,4.131833,1.599000,600,0.000000,27.800000,13.000000,1.696333,11.095000,80.313994,13.000000
2022-01-14 23:00:00,0.937752,0.000000,4.130705,1.960067,596,0.000000,27.800000,13.000000,2.150671,15.050336,80.313994,13.000000
2022-01-14 23:10:00,0.277090,0.000000,4.316890,1.575920,598,0.000000,27.800000,13.000000,2.300000,13.030100,80.313994,13.000000
2022-01-14 23:20:00,0.000000,0.000000,5.078464,1.167780,599,0.000000,27.800000,13.000000,2.300000,27.632721,80.313994,13.000000
2022-01-14 23:30:00,0.000000,0.000000,3.923539,0.877796,599,0.000000,27.800000,13.000000,2.300000,12.025042,80.313994,13.000000
2022-01-14 23:40:00,0.000000,0.000000,3.398500,1.334000,600,0.000000,27.800000,13.000000,2.300000,-9.838333,80.313994,13.000000
2022-01-14 23:50:00,0.000000,0.000000,4.668280,1.351586,599,0.000000,27.800000,13.000000,2.300000,-2.532554,80.313994,13.000000
2022-01-15 00:00:00,0.000000,0.000000,5.100000,1.488648,599,0.000000,27.800000,13.000000,2.300000,1.242070,80.313994,13.000000
2022-01-15 00:10:00,0.135500,0.000000,5.100000,1.759333,600,0.000000,27.800000,13.000000,2.300000,-4.705000,80.313994,13.000000
2022-01-15 00:20:00,1.945910,0.000000,4.795492,2.000835,599,0.000000,27.800000,13.000000,2.369115,-13.307179,80.313994,13.000000
2022-01-15 00:30:00,1.958765,0.000000,4.161603,2.012688,599,0.000000,27.800000,13.000000,2.484641,-6.602671,80.313994,13.000000
2022-01-15 00:40:00,2.029048,0.000000,4.123038,2.125710,599,0.000000,27.800000,13.000000,2.700000,0.363940,80.313994,13.000000
2022-01-15 00:50:00,2.166611,0.000000,4.105175,2.143573,599,0.000000,27.800000,13.000000,2.700000,1.858097,80.313994,13.000000
2022-01-15 01:00:00,1.751419,0.000000,4.101669,1.840735,599,0.000000,27.800000,13.000000,2.700000,-2.101836,80.313994,13.000000
2022-01-15 01:10:00,1.687793,0.000000,4.119565,1.858528,598,0.000000,27.800000,13.000000,2.700000,3.142140,80.313994,13.000000
2022-01-15 01:20:00,1.600167,0.000000,4.131438,2.290635,598,0.000000,27.800000,13.000000,2.792140,16.645485,80.313994,13.000000
2022-01-15 01:30:00,0.698331,0.000000,4.116194,1.914524,599,0.000000,27.800000,13.000000,2.900000,26.285476,80.313994,13.000000
2022-01-15 01:40:00,1.557692,0.000000,4.104181,2.124749,598,0.000000,27.800000,13.000000,2.900000,14.065217,80.313994,13.000000
2022-01-15 01:50:00,1.911519,0.000000,4.103339,2.552755,599,0.000000,27.800000,13.000000,2.989649,17.736227,80.313994,13.000000
2022-01-15 02:00:00,0.490484,0.000000,4.100835,1.467279,599,0.000000,27.800000,13.000000,3.100000,23.692821,80.313994,13.000000
2022-01-15 02:10:00,0.179633,0.000000,4.093656,1.399833,599,0.000000,27.800000,13.000000,3.100000,17.457429,80.313994,13.000000
2022-01-15 02:20:00,0.075459,0.000000,3.985977,0.992821,599,0.000000,27.800000,13.000000,3.100000,23.153589,80.313994,13.000000
2022-01-15 02:30:00,0.000000,0.000000,3.636227,0.560100,599,0.000000,27.800000,13.000000,3.100000,30.103506,80.313994,13.000000
2022-01-15 02:40:00,0.000000,0.000000,3.297492,0.599331,598,0.000000,27.800000,13.000000,3.100000,12.247492,80.313994,13.000000
2022-01-15 02:50:00,0.000000,0.000000,3.215385,0.535284,598,0.000000,27.800000,13.000000,3.100000,6.436455,80.313994,13.000000
2022-01-15 03:00:00,0.000000,0.000000,3.204348,0.675418,598,0.000000,27.800000,13.000000,3.100000,22.401338,80.313994,13.000000
2022-01-15 03:10:00,0.000000,0.000000,3.201843,0.118090,597,0.000000,27.800000,13.000000,3.100000,33.350084,80.313994,13.000000
2022-01-15 03:20:00,0.000000,0.000000,3.201672,0.015050,598,0.000000,27.800000,13.000000,3.100000,-30.882943,80.313994,13.000000
2022-01-15 03:30:00,0.000000,0.000000,3.200835,0.267780,599,0.000000,27.800000,13.000000,3.100000,-128.953255,80.313994,13.000000
2022-01-15 03:40:00,0.000000,0.000000,3.200000,0.129766,598,0.000000,27.800000,13.000000,3.100000,-72.386288,80.313994,13.000000
2022-01-15 03:50:00,0.000000,0.000000,3.200000,0.000000,597,0.000000,27.800000,13.000000,3.100000,-102.557789,80.313994,13.000000
2022-01-15 04:00:00,0.000000,0.000000,3.199164,0.000000,598,0.000000,27.800000,13.000000,3.100000,-101.396321,80.313994,13.000000
2022-01-15 04:10:00,0.000000,0.000000,3.196661,0.000000,599,0.000000,27.800000,13.000000,3.100000,-107.764608,80.313994,13.000000
2022-01-15 04:20:00,0.000000,0.000000,3.186935,0.000000,597,0.000000,27.800000,13.000000,3.100000,-115.350084,80.313994,13.000000
2022-01-15 04:30:00,0.000000,0.000000,3.153691,0.000000,596,0.000000,27.800000,13.000000,3.100000,-104.503356,80.313994,13.000000
2022-01-15 04:40:00,0.000000,0.000000,3.004682,0.000000,598,0.000000,27.800000,13.000000,3.100000,-58.658863,80.313994,13.000000
2022-01-15 04:50:00,0.000000,0.000000,2.843980,0.000000,598,0.000000,27.800000,13.000000,3.100000,-90.643813,80.313994,13.000000
2022-01-15 05:00:00,0.000000,0.000000,2.715075,0.000000,597,0.000000,27.800000,13.000000,3.100000,-122.175879,80.313994,13.000000
2022-01-15 05:10:00,0.000000,0.000000,2.537563,0.000000,599,0.000000,27.800000,13.000000,3.100000,-131.242070,80.313994,13.000000
2022-01-15 05:20:00,0.000000,0.000000,2.407692,0.000000,598,0.000000,27.800000,13.000000,3.100000,-42.714047,80.313994,13.000000
2022-01-15 05:30:00,0.000000,0.000000,2.327090,0.000000,598,0.000000,27.800000,13.000000,3.100000,-117.491639,80.313994,13.000000
2022-01-15 05:40:00,0.000000,0.000000,2.304355,0.000000,597,0.000000,27.800168,13.000000,3.100000,-90.792295,80.313994,13.000000
2022-01-15 05:50:00,0.000000,0.000000,2.299164,0.000000,598,0.000000,27.800000,13.000000,3.100000,-60.384615,80.313994,13.000000
2022-01-15 06:00:00,0.000000,0.000000,2.298325,0.000000,597,0.000000,27.800000,13.000000,3.100000,-91.455611,80.313994,13.000000
2022-01-15 06:10:00,0.000000,0.000000,2.299164,0.000000,598,0.000000,27.800167,13.000000,3.100000,-80.695652,80.313994,13.000000
2022-01-15 06:20:00,0.000000,0.000000,2.298328,0.000000,598,0.000000,27.800000,13.000000,3.100000,-53.740803,80.313994,13.000000
2022-01-15 06:30:00,0.000000,0.000000,2.291304,0.000000,598,0.000000,27.800000,13.000000,3.100000,-6.727425,80.313994,13.000000
2022-01-15 06:40:00,0.000000,0.000000,2.273746,0.000000,598,0.000000,27.800000,13.000000,3.100000,44.724080,80.313994,13.000000
2022-01-15 06:50:00,0.000000,0.000000,2.248161,0.000000,598,0.000000,27.800000,13.000000,3.100000,-30.128763,80.313994,13.000000
2022-01-15 07:00:00,0.000000,0.000000,2.192977,0.000000,598,0.000000,27.800000,13.000000,3.100000,32.483278,80.313994,13.000000
2022-01-15 07:10:00,0.000000,0.000000,1.991960,0.000000,597,0.000000,27.800000,13.000000,3.100000,128.073702,80.313994,13.000000
2022-01-15 07:20:00,0.000000,0.000000,1.841639,0.000000,598,0.000000,27.800000,13.000000,3.100000,-0.065217,80.313994,13.000000
2022-01-15 07:30:00,0.000000,0.000000,1.569950,0.000000,599,0.000000,27.800000,13.000000,3.100000,27.582638,80.313994,13.000000
2022-01-15 07:40:00,0.000000,0.000000,1.409548,0.000000,597,0.000000,27.800503,13.000000,3.100000,-8.688442,80.313994,13.000000
2022-01-15 07:50:00,0.000000,0.000000,1.347157,0.000000,598,0.000000,27.800000,13.000000,3.100000,1.775920,80.313994,13.000000
2022-01-15 08:00:00,0.000000,0.000000,1.320401,0.000000,598,0.000000,27.800000,13.000000,3.100000,90.842809,80.313994,13.000000
2022-01-15 08:10:00,0.000000,0.000000,1.316221,0.000000,598,0.000000,27.800000,13.000000,3.100000,142.230769,80.313994,13.000000
2022-01-15 08:20:00,0.000000,0.000000,1.311873,0.000000,598,0.000000,27.800167,13.000000,3.100000,9.613712,80.313994,13.000000
2022-01-15 08:30:00,0.000000,0.000000,1.319231,0.000000,598,0.000000,27.800000,13.000000,3.100000,58.602007,80.313994,13.000000
2022-01-15 08:40:00,0.000000,0.000000,1.321070,0.000000,598,0.000000,27.800000,13.000000,3.100000,100.623746,80.313994,13.000000
2022-01-15 08:50:00,0.000000,0.000000,1.333946,0.085284,598,0.000000,27.800000,13.000000,3.100000,41.938127,80.313994,13.000000
2022-01-15 09:00:00,0.000000,0.000000,1.393645,0.104515,598,0.000000,27.800000,13.000000,3.100000,61.095318,80.313994,13.000000
2022-01-15 09:10:00,0.000000,0.000000,2.227592,0.050167,598,0.000000,27.800000,13.000000,3.100000,102.617057,80.313994,13.000000
2022-01-15 09:20:00,0.000000,0.000000,2.266945,0.363439,599,0.000000,27.800000,13.000000,3.100000,135.816361,80.313994,13.000000
2022-01-15 09:30:00,0.000000,0.000000,2.310870,0.509532,598,0.000000,27.800000,13.000000,3.100000,152.531773,80.313994,13.000000
2022-01-15 09:40:00,0.000000,0.000000,1.879933,0.457023,598,0.000000,27.800000,13.000000,3.100000,153.956522,80.313994,13.000000
2022-01-15 09:50:00,0.000000,0.000000,2.157358,0.015050,598,0.000000,27.800000,13.000000,3.100000,7.688963,80.313994,13.000000
2022-01-15 10:00:00,0.000000,0.000000,3.200669,0.030100,598,0.000000,27.800000,13.000000,3.100000,-60.060201,80.313994,13.000000
2022-01-15 10:10:00,0.000000,0.000000,3.238397,0.926711,599,0.000000,27.800000,13.000000,3.100000,10.186978,80.313994,13.000000
2022-01-15 10:20:00,0.392667,0.000000,2.582667,1.390500,600,0.000000,27.800000,13.000000,3.100000,-3.275000,80.313994,13.000000
2022-01-15 10:30:00,1.552421,0.000000,3.060601,2.097830,599,0.000000,27.800000,13.000000,3.100000,8.071786,80.313994,13.000000
2022-01-15 10:40:00,0.884641,0.000000,3.692487,1.606511,599,0.000000,27.800000,13.000000,3.100000,-1.340568,80.313994,13.000000
2022-01-15 10:50:00,0.546912,0.000000,4.196494,1.645576,599,0.000000,27.800000,13.000000,3.100000,-16.532554,80.313994,13.000000
2022-01-15 11:00:00,0.019366,0.000000,3.379466,1.124040,599,0.000000,27.800000,13.000000,3.100000,-6.946578,80.338377,13.000000
2022-01-15 11:10:00,0.000000,0.000000,3.052667,1.183667,600,0.000000,27.800000,13.000000,3.100000,7.821667,80.423206,13.000000
2022-01-15 11:20:00,0.000000,0.000000,3.633389,0.461269,599,0.000000,27.800000,13.000000,3.100000,-4.954925,80.314653,13.000000
2022-01-15 11:30:00,0.000000,0.000000,4.628595,0.019064,598,0.000000,27.800000,13.000000,3.100000,-64.001672,80.313994,13.000000
2022-01-15 11:40:00,0.000000,0.000000,4.298662,0.232776,598,0.000000,27.800000,13.000000,3.100000,-8.762542,80.313994,13.000000
2022-01-15 11:50:00,0.000000,0.000000,4.758932,0.408013,599,0.000000,27.800000,13.000000,3.100000,-5.747913,80.313994,13.000000
2022-01-15 12:00:00,0.000000,0.000000,5.100000,0.871619,599,0.000000,27.800000,13.000000,3.100000,-2.006678,80.313994,13.000000
2022-01-15 12:10:00,0.000000,0.000000,5.107846,0.588314,599,0.000000,27.800000,13.000000,3.100000,-17.993322,80.313994,13.000000
2022-01-15 12:20:00,0.000000,0.000000,5.103339,0.383973,599,0.000000,27.800000,13.000000,3.100000,-4.243740,80.313994,13.000000
2022-01-15 12:30:00,0.000000,0.000000,5.106689,0.537960,598,0.000000,27.800000,13.000000,3.100000,12.053512,80.313994,13.000000
2022-01-15 12:40:00,0.000000,0.000000,5.101667,1.060000,600,0.000000,27.800000,13.000000,3.100000,-11.638333,80.313994,13.000000
2022-01-15 12:50:00,0.000000,0.000000,5.168781,0.297830,599,0.000000,27.800000,13.000000,3.100000,27.026711,80.313994,13.000000
2022-01-15 13:00:00,0.000000,0.000000,5.150502,0.217224,598,0.000000,27.800000,13.000000,3.100000,79.650502,80.313994,13.000000
2022-01-15 13:10:00,0.000000,0.000000,5.135953,0.118060,598,0.000000,27.800000,13.000000,3.100000,5.080268,80.313994,13.000000
2022-01-15 13:20:00,0.000000,0.000000,6.118030,0.506845,599,0.000000,27.800000,13.000000,3.100000,-28.505843,80.313994,13.000000
2022-01-15 13:30:00,0.000000,0.000000,6.945667,0.868833,600,0.000000,27.800000,13.000000,3.100000,-16.213333,80.313994,13.000000
2022-01-15 13:40:00,0.000000,0.000000,6.878930,0.121906,598,0.000000,27.800000,13.000000,3.100000,-17.339465,80.313994,13.000000
2022-01-15 13:50:00,0.000000,0.000000,6.996995,0.371619,599,0.000000,27.800000,13.000000,3.100000,-85.632721,80.313994,13.000000
2022-01-15 14:00:00,0.000000,0.000000,6.978428,0.614883,598,0.000000,27.800000,13.000000,3.100000,-47.210702,80.313994,13.000000
2022-01-15 14:10:00,0.000000,0.000000,7.000000,0.435726,599,0.000000,27.800000,13.000000,3.100000,-9.442404,80.313994,13.000000
2022-01-15 14:20:00,0.000000,0.000000,7.104515,0.139799,598,0.000000,27.800000,13.000000,3.100000,12.678930,80.313994,13.000000
2022-01-15 14:30:00,0.000000,0.000000,7.856928,0.112688,599,0.000000,27.800000,13.000000,3.100000,-47.150250,80.313994,13.000000
2022-01-15 14:40:00,0.000000,0.000000,7.903350,0.015075,597,0.000000,27.800000,13.000000,3.100000,-39.998325,80.313994,13.000000
2022-01-15 14:50:00,0.000000,0.000000,7.911204,0.111706,598,0.000000,27.800000,13.000000,3.100000,-45.257525,80.313994,13.000000
2022-01-15 15:00:00,0.000000,0.000000,7.957429,0.110684,599,0.000000,27.800000,13.000000,3.100000,-64.996661,80.313994,13.000000
2022-01-15 15:10:00,0.000000,0.000000,8.110535,0.059532,598,0.000000,27.800000,13.000000,3.100000,-76.311037,80.313994,13.000000
2022-01-15 15:20:00,0.002671,0.000000,7.357596,0.631886,599,0.000000,27.800000,13.000000,3.100000,68.505843,80.313994,13.000000
2022-01-15 15:30:00,0.000000,0.000000,7.685142,0.311686,599,0.000000,27.800000,13.000000,3.100000,-2.016694,80.313994,13.000000
2022-01-15 15:40:00,0.000000,0.000000,7.944240,0.503339,599,0.000000,27.800000,13.000000,3.100000,155.826377,80.313994,13.000000
2022-01-15 15:50:00,0.000000,0.000000,8.806845,0.608013,599,0.000000,27.800000,13.000000,3.100000,-58.946578,80.313994,13.000000
2022-01-15 16:00:00,0.000000,0.000000,8.375626,0.285476,599,0.000000,27.800000,13.000000,3.100000,-86.016694,80.313994,13.000000
2022-01-15 16:10:00,0.000000,0.000000,7.896823,0.065217,598,0.000000,27.800000,13.000000,3.100000,14.827759,80.313994,13.000000
2022-01-15 16:20:00,0.000000,0.000000,8.339465,0.015050,598,0.000000,27.800000,13.000000,3.100000,-46.128763,80.313994,13.000000
2022-01-15 16:30:00,0.000000,0.000000,7.900000,0.505342,599,0.000000,27.800000,13.000000,3.100000,127.325543,80.313994,13.000000
2022-01-15 16:40:00,0.000000,0.000000,7.970234,0.350502,598,0.000000,27.800000,13.000000,3.100000,107.334448,80.313994,13.000000
2022-01-15 16:50:00,0.000000,0.000000,8.083110,0.069732,598,0.000000,27.800000,13.000000,3.100000,79.563545,80.313994,13.000000
2022-01-15 17:00:00,0.000000,0.000000,7.894147,0.134783,598,0.000000,27.800000,13.000000,3.100000,121.767559,80.313994,13.000000
2022-01-15 17:10:00,0.000000,0.000000,7.933055,0.015025,599,0.000000,27.800000,13.000000,3.100000,117.711185,80.313994,13.000000
2022-01-15 17:20:00,0.000000,0.000000,8.223244,0.065217,598,0.000000,27.800000,13.000000,3.100000,121.660535,80.313994,13.000000
2022-01-15 17:30:00,0.000000,0.000000,8.247659,0.015050,598,0.000000,27.800000,13.000000,3.100000,137.904682,80.313994,13.000000
2022-01-15 17:40:00,0.000000,0.000000,8.259365,0.000000,598,0.000000,27.800000,13.000000,3.100000,-104.312709,80.313994,13.000000
2022-01-15 17:50:00,0.000000,0.000000,8.401338,0.335284,598,0.000000,27.800000,13.000000,3.100000,7.040134,80.313994,13.000000
2022-01-15 18:00:00,0.000000,0.000000,7.939531,0.000000,597,0.000000,27.800000,13.000000,3.100000,-19.268007,80.313994,13.000000
2022-01-15 18:10:00,0.000000,0.000000,7.865385,0.000000,598,0.000000,27.800000,13.000000,3.100000,63.653846,80.313994,13.000000
2022-01-15 18:20:00,0.000000,0.000000,7.829599,0.015050,598,0.000000,27.800000,13.000000,3.100000,32.137124,80.313994,13.000000
2022-01-15 18:30:00,0.000000,0.000000,7.813378,0.000000,598,0.000000,27.800000,13.000000,3.100000,141.986622,80.313994,13.000000
2022-01-15 18:40:00,0.000000,0.000000,7.801672,0.000000,598,0.000000,27.800000,13.000000,3.100000,12.334448,80.313994,13.000000
2022-01-15 18:50:00,0.000000,0.000000,7.800836,0.236789,598,0.000000,27.800000,13.000000,3.100000,152.476589,80.313994,13.000000
2022-01-15 19:00:00,0.000000,0.000000,7.761204,0.133779,598,0.000000,27.800000,13.000000,3.100000,164.943144,80.313994,13.000000
2022-01-15 19:10:00,0.000000,0.000000,7.599498,0.000000,598,0.000000,27.800000,13.000000,3.100000,29.372910,80.313994,13.000000
2022-01-15 19:20:00,0.000000,0.000000,7.050167,0.045151,598,0.000000,27.800000,13.000000,3.100000,156.336120,80.313994,13.000000
2022-01-15 19:30:00,0.000000,0.000000,6.919064,0.030100,598,0.000000,27.800000,13.000000,3.100000,151.406355,80.313994,13.000000
2022-01-15 19:40:00,0.000000,0.000000,6.901005,0.015075,597,0.000000,27.800000,13.000000,3.100000,145.701843,80.313994,13.000000
2022-01-15 19:50:00,0.000000,0.000000,6.899164,0.000000,598,0.000000,27.800000,13.000000,3.100000,132.040134,80.313994,13.000000
2022-01-15 20:00:00,0.000000,0.000000,6.900000,0.154758,599,0.000000,27.800167,13.000000,3.100000,-46.115192,80.313994,13.000000
2022-01-15 20:10:00,0.000000,0.000000,6.876923,0.077258,598,0.000000,27.800000,13.000000,3.100000,150.638796,80.313994,13.000000
2022-01-15 20:20:00,0.000000,0.000000,6.833110,0.093813,598,0.000000,27.800000,13.000000,3.100000,131.804348,80.313994,13.000000
2022-01-15 20:30:00,0.000000,0.000000,6.488610,0.040201,597,0.000000,27.800000,13.000000,3.100000,132.740369,80.313994,13.000000
2022-01-15 20:40:00,0.000000,0.000000,6.108013,0.030050,599,0.000000,27.800000,13.000000,3.100000,134.188648,80.313994,13.000000
2022-01-15 20:50:00,0.000000,0.000000,6.006689,0.040134,598,0.000000,27.800000,13.000000,3.100000,44.690635,80.313994,13.000000
2022-01-15 21:00:00,0.000000,0.000000,6.000836,0.444816,598,0.000000,27.800000,13.000000,3.100000,13.187291,80.313994,13.000000
2022-01-15 21:10:00,0.000000,0.000000,6.000000,0.793333,600,0.000000,27.800000,13.000000,3.100000,6.211667,80.313994,13.000000
2022-01-15 21:20:00,0.000000,0.000000,5.995659,0.638063,599,0.000000,27.800000,13.000000,3.100000,24.637730,80.313994,13.000000
2022-01-15 21:30:00,0.000000,0.000000,5.986477,0.839232,599,0.000000,27.800000,13.000000,3.100000,30.175292,80.313994,13.000000
2022-01-15 21:40:00,0.000000,0.000000,5.415719,0.415385,598,0.000000,27.800000,13.000000,3.100000,17.924749,80.313994,13.000000
2022-01-15 21:50:00,0.000000,0.000000,5.099666,0.406678,599,0.000000,27.800000,13.000000,3.100000,5.070117,80.313994,13.000000
2022-01-15 22:00:00,0.000000,0.000000,4.736789,0.203846,598,0.000000,27.800000,13.000000,3.100000,8.620401,80.313994,13.000000
2022-01-15 22:10:00,0.000000,0.000000,4.209015,0.136561,599,0.000000,27.800000,13.000000,3.100000,4.382304,80.313994,13.000000
2022-01-15 22:20:00,0.000000,0.000000,4.191806,0.084281,598,0.000000,27.800000,13.000000,3.100000,-22.824415,80.313994,13.000000
2022-01-15 22:30:00,0.000000,0.000000,4.101002,0.000000,599,0.000000,27.800000,13.000000,3.100000,-48.998331,80.313994,13.000000
2022-01-15 22:40:00,0.000000,0.000000,4.704013,0.015050,598,0.000000,27.800000,13.000000,2.332107,61.188963,80.313994,13.000000
2022-01-15 22:50:00,0.000000,0.000000,5.074916,0.295819,598,0.000000,27.800000,13.000000,0.602007,66.096990,80.313994,13.000000
2022-01-15 23:00:00,0.000000,0.000000,5.077181,0.161409,596,0.000000,27.800671,13.000000,0.700000,-109.179530,80.313994,13.000000
2022-01-15 23:10:00,0.000000,0.000000,5.073411,0.059030,598,0.000000,27.800000,13.000000,0.700000,29.617057,80.313994,13.000000
2022-01-15 23:20:00,0.000000,0.000000,5.056856,0.096488,598,0.000000,27.800000,13.000000,0.700000,-16.625418,80.313994,13.000000
2022-01-15 23:30:00,0.000000,0.000000,5.032609,0.296321,598,0.000000,27.800000,13.000000,0.832274,29.484950,80.313994,13.000000
2022-01-15 23:40:00,0.004500,0.000000,4.923500,0.864167,600,0.000000,27.800000,13.000000,1.234000,-22.250000,80.313994,13.000000
2022-01-15 23:50:00,0.000000,0.000000,4.817362,0.875125,599,0.000000,27.800000,13.000000,1.300000,-128.819699,80.313994,13.000000
2022-01-16 00:00:00,0.000000,0.000000,4.401167,0.930667,600,0.000000,27.800000,13.000000,1.300000,107.948333,80.313994,13.000000
2022-01-16 00:10:00,0.000000,0.000000,4.225876,0.581803,599,0.000000,27.800000,13.000000,1.300000,153.594324,80.313994,13.000000
2022-01-16 00:20:00,0.000000,0.000000,4.167613,0.164775,599,0.000000,27.800000,13.000000,1.300000,64.465776,80.313994,13.000000
2022-01-16 00:30:00,0.000000,0.000000,4.120234,0.199331,598,0.000000,27.800000,13.000000,1.300000,-50.581940,80.313994,13.000000
2022-01-16 00:40:00,0.000000,0.000000,4.118060,0.286455,598,0.000000,27.800000,13.000000,1.300000,-141.212375,80.313994,13.000000
2022-01-16 00:50:00,0.000000,0.000000,4.109699,0.122074,598,0.000000,27.800000,13.000000,1.300000,-57.698997,80.313994,13.000000
2022-01-16 01:00:00,0.000000,0.000000,4.106868,0.366332,597,0.000000,27.800000,13.000000,1.300000,153.792295,80.313994,13.000000
2022-01-16 01:10:00,0.000000,0.000000,4.108194,0.190635,598,0.000000,27.800000,13.000000,1.300000,129.342809,80.313994,13.000000
2022-01-16 01:20:00,0.000000,0.000000,4.103679,0.059197,598,0.000000,27.800000,13.000000,1.300000,76.727425,80.313994,13.000000
2022-01-16 01:30:00,0.000000,0.000000,4.102504,0.268280,599,0.000000,27.800000,13.000000,1.300000,-96.066778,80.313994,13.000000
2022-01-16 01:40:00,0.000000,0.000000,4.100836,0.346990,598,0.000000,27.800000,13.000000,1.300000,-139.035117,80.313994,13.000000
2022-01-16 01:50:00,0.000000,0.000000,4.100836,0.463880,598,0.000000,27.800000,13.000000,1.300000,26.270903,80.313994,13.000000
2022-01-16 02:00:00,0.000000,0.000000,4.100000,0.373869,597,0.000000,27.800000,13.000000,1.300000,-7.105528,80.313994,13.000000
2022-01-16 02:10:00,0.000000,0.000000,4.100000,0.837167,600,0.000000,27.800000,13.000000,1.300000,-134.861667,80.313994,13.000000
2022-01-16 02:20:00,0.000000,0.000000,4.071000,0.947167,600,0.000000,27.800000,13.000000,1.300000,-90.475000,80.313994,13.000000
2022-01-16 02:30:00,0.000000,0.000000,4.054090,0.981803,599,0.000000,27.800000,13.000000,1.355760,-97.060100,80.313994,13.000000
2022-01-16 02:40:00,0.000000,0.000000,3.960267,1.102838,599,0.000000,27.800000,13.000000,1.500000,11.363940,80.313994,13.000000
2022-01-16 02:50:00,0.106344,0.000000,3.827045,1.465943,599,0.000000,27.800000,13.000000,1.811185,85.223706,80.313994,13.000000
2022-01-16 03:00:00,1.968896,0.000000,3.729599,2.421070,598,0.000000,27.800000,13.000000,3.178094,21.605351,80.426871,13.000000
2022-01-16 03:10:00,2.685092,0.000000,3.696817,2.475042,597,0.000000,27.800000,13.000000,3.500000,2.127303,80.314655,13.000000
2022-01-16 03:20:00,2.799498,0.000000,3.664047,2.545987,598,0.000000,27.800000,13.000000,3.500000,1.894649,80.313994,13.000000
2022-01-16 03:30:00,3.227638,0.000000,3.636181,2.828978,597,0.000000,27.800000,13.000000,3.505025,0.402010,80.313994,13.000000
2022-01-16 03:40:00,3.229716,0.000000,3.568948,2.680968,599,0.000000,27.800000,13.000000,3.600000,-8.612688,80.313994,13.000000
2022-01-16 03:50:00,2.845318,0.000000,3.469900,2.475418,598,0.000000,27.800000,13.000000,3.600000,-5.140468,80.313994,13.000000
2022-01-16 04:00:00,2.753679,0.000000,3.391137,2.375418,598,0.000000,27.800000,13.000000,3.600000,-9.523411,80.313994,13.000000
2022-01-16 04:10:00,3.082805,0.000000,3.338564,2.690818,599,0.000000,27.800000,13.000000,3.607846,-0.727880,80.313994,13.000000
2022-01-16 04:20:00,3.104013,0.000000,3.318227,2.655351,598,0.000000,27.800000,13.000000,3.700000,7.585284,80.313994,13.000000
2022-01-16 04:30:00,2.719565,0.000000,3.301672,2.320903,598,0.000000,27.800000,13.000000,3.700000,5.578595,80.313994,13.000000
2022-01-16 04:40:00,1.441402,0.000000,3.260100,1.582805,599,0.000000,27.800000,13.000000,3.700000,7.217028,80.313994,13.000000
2022-01-16 04:50:00,1.228715,0.000000,3.227212,1.538731,599,0.000000,27.800000,13.000000,3.700000,15.439065,80.313994,13.000000
2022-01-16 05:00:00,1.102838,0.000000,3.216027,1.616027,599,0.000000,27.800000,13.000000,3.700000,31.510851,80.313994,13.000000
2022-01-16 05:10:00,0.000000,0.000000,3.204341,0.787813,599,0.000000,27.800000,13.000000,3.700000,47.784641,80.313994,13.000000
2022-01-16 05:20:00,0.000000,0.000000,3.200835,0.518531,599,0.000000,27.800000,13.000000,3.700000,35.500835,80.313994,13.000000
2022-01-16 05:30:00,0.153756,0.000000,3.200835,1.056260,599,0.000000,27.800000,13.000000,3.700000,16.045075,80.313994,13.000000
2022-01-16 05:40:00,0.046745,0.000000,3.200000,0.784641,599,0.000000,27.800000,13.000000,3.700000,27.342237,80.313994,13.000000
2022-01-16 05:50:00,0.128047,0.000000,3.200000,1.152755,599,0.000000,27.800000,13.000000,3.700000,45.030050,80.313994,13.000000
2022-01-16 06:00:00,0.000000,0.000000,3.200000,0.536895,599,0.000000,27.800000,13.000000,3.700000,61.195326,80.313994,13.000000
2022-01-16 06:10:00,0.000000,0.000000,3.200000,0.722705,599,0.000000,27.800000,13.000000,3.700000,61.270451,80.313994,13.000000
2022-01-16 06:20:00,0.000000,0.000000,3.196661,0.429883,599,0.000000,27.800000,13.000000,3.700000,47.853088,80.313994,13.000000
2022-01-16 06:30:00,0.000000,0.000000,3.136728,0.095159,599,0.000000,27.800000,13.000000,3.700000,65.464107,80.313994,13.000000
2022-01-16 06:40:00,0.000000,0.000000,2.985619,0.065217,598,0.000000,27.800000,13.000000,3.700000,66.471572,80.313994,13.000000
2022-01-16 06:50:00,0.000000,0.000000,2.727880,0.297329,599,0.000000,27.800000,13.000000,3.700000,73.357262,80.313994,13.000000
2022-01-16 07:00:00,0.000000,0.000000,2.512855,0.519699,599,0.000000,27.800000,13.000000,3.700000,74.156928,80.313994,13.000000
2022-01-16 07:10:00,0.000000,0.000000,2.360100,0.561770,599,0.000000,27.800000,13.000000,3.700000,92.512521,80.313994,13.000000
2022-01-16 07:20:00,0.000000,0.000000,2.317696,0.250250,599,0.000000,27.800000,13.000000,3.700000,66.267112,80.313994,13.000000
2022-01-16 07:30:00,0.000000,0.000000,2.316361,0.015025,599,0.000000,27.800835,13.000000,3.700000,68.936561,80.313994,13.000000
2022-01-16 07:40:00,0.000000,0.000000,2.315526,0.553255,599,0.000000,27.800000,13.000000,3.700000,43.118531,80.313994,13.000000
2022-01-16 07:50:00,0.000000,0.000000,2.311686,0.984307,599,0.000000,27.800000,13.000000,3.700000,57.495826,80.313994,13.000000
2022-01-16 08:00:00,0.195659,0.000000,2.318531,1.080634,599,0.000000,27.800000,13.000000,3.700000,35.050083,80.313994,13.000000
2022-01-16 08:10:00,3.225209,0.000000,2.422204,2.837896,599,0.000000,27.800000,13.000000,4.028381,3.669449,80.313994,13.000000
2022-01-16 08:20:00,1.950584,0.000000,2.986811,2.190150,599,0.000000,27.800000,13.000000,4.400000,19.370618,80.313994,13.000000
2022-01-16 08:30:00,0.004341,0.000000,3.183973,0.759098,599,0.000000,27.800000,13.000000,4.400000,61.873122,80.313994,13.000000
2022-01-16 08:40:00,0.000000,0.000000,2.397496,0.857429,599,0.000000,27.800000,13.000000,4.400000,49.322204,80.313994,13.000000
2022-01-16 08:50:00,1.165217,0.000000,2.415719,1.632609,598,0.000000,27.800000,13.000000,4.400000,25.091973,80.313994,13.000000
2022-01-16 09:00:00,1.236394,0.000000,3.171285,1.755426,599,0.000000,27.800000,13.000000,4.400000,19.212020,80.313994,13.000000
2022-01-16 09:10:00,1.072788,0.000000,3.210184,1.642404,599,0.000000,27.800000,13.000000,4.400000,25.492487,80.313994,13.000000
2022-01-16 09:20:00,1.698167,0.000000,3.225000,2.083000,600,0.000000,27.800000,13.000000,4.400000,13.650000,80.313994,13.000000
2022-01-16 09:30:00,2.577462,0.000000,3.522204,2.765609,599,0.000000,27.800000,13.000000,4.400000,17.604341,80.313994,13.000000
2022-01-16 09:40:00,2.651920,0.000000,4.139065,2.945743,599,0.000000,27.800000,13.000000,4.494491,22.006678,80.313994,13.000000
2022-01-16 09:50:00,1.646077,0.000000,4.006010,2.630551,599,0.000000,27.800000,13.000000,4.655593,26.727880,80.313994,13.000000
2022-01-16 10:00:00,1.794658,0.000000,3.227880,2.500668,599,0.000000,27.800000,13.000000,5.100000,15.427379,80.313994,13.000000
2022-01-16 10:10:00,2.295492,0.000000,5.203840,2.590651,599,0.000000,27.800000,13.000000,5.100000,1.580968,80.447112,13.000000
2022-01-16 10:20:00,2.028881,0.000000,5.989816,2.578130,599,0.000000,27.800000,13.000000,5.100000,-0.916528,80.605272,13.000000
2022-01-16 10:30:00,2.995492,0.000000,5.858431,3.145409,599,0.000000,27.800000,13.000000,5.223873,-9.412354,80.458315,13.000000
2022-01-16 10:40:00,2.994825,0.000000,5.813689,3.175125,599,0.000000,27.800000,13.000000,5.500000,4.343907,80.315312,13.000000
2022-01-16 10:50:00,3.534224,0.000000,6.010017,3.864608,599,0.000000,27.800000,13.000000,5.982805,9.021703,80.315971,13.000000
2022-01-16 11:00:00,1.649750,0.000000,6.077963,2.571452,599,0.000000,27.800000,13.000000,6.400000,24.762938,80.321243,13.000000
2022-01-16 11:10:00,1.509850,0.000000,6.436227,2.679132,599,0.000000,27.800000,13.000000,6.400000,25.612688,80.322561,13.000000
2022-01-16 11:20:00,1.452922,0.000000,6.280634,2.716528,599,0.000000,27.800000,13.000000,6.400000,27.602671,80.313994,13.000000
2022-01-16 11:30:00,1.233723,0.000000,6.061269,2.464608,599,0.000000,27.800000,13.000000,6.400000,15.649416,80.313994,13.000000
2022-01-16 11:40:00,0.708013,0.000000,6.045409,1.789482,599,0.000000,27.800000,13.000000,6.400000,27.537563,80.313994,13.000000
2022-01-16 11:50:00,2.597496,0.000000,6.046912,3.417863,599,0.000000,27.800000,13.000000,6.756260,-5.465776,80.313994,13.000000
2022-01-16 12:00:00,3.914190,0.000000,6.238397,4.224708,599,0.000000,27.800000,13.000000,7.600000,11.148581,80.313994,13.000000
2022-01-16 12:10:00,1.979132,0.000000,6.537563,3.058765,599,0.000000,27.800000,13.000000,7.600000,25.567613,80.313994,13.000000
2022-01-16 12:20:00,3.828715,0.000000,6.893489,4.402170,599,0.000000,27.800000,13.000000,7.964107,11.490818,80.313994,13.000000
2022-01-16 12:30:00,4.558765,0.000000,6.995826,4.922204,599,0.000000,27.800000,13.000000,8.429549,14.402337,80.313994,13.000000
2022-01-16 12:40:00,4.609182,0.000000,7.733222,4.775125,599,0.000000,27.800000,13.000000,8.500000,12.128548,80.329810,13.000000
2022-01-16 12:50:00,3.722204,0.000000,7.924374,4.089316,599,0.000000,27.800000,13.000000,8.500000,13.664441,80.313994,13.000000
2022-01-16 13:00:00,3.729382,0.000000,7.898331,4.133723,599,0.000000,27.800000,13.000000,9.161102,4.282137,80.313994,13.000000
2022-01-16 13:10:00,4.493656,0.000000,7.899165,4.456260,599,0.000000,27.800000,13.000000,9.300000,-2.323873,80.313994,13.000000
2022-01-16 13:20:00,5.083639,0.000000,7.900000,5.294324,599,0.000000,27.800000,13.000000,9.300000,11.794658,80.313994,13.000000
2022-01-16 13:30:00,5.076962,0.000000,7.900000,5.198998,599,0.000000,27.800000,13.000000,9.371285,10.287145,80.313994,13.000000
2022-01-16 13:40:00,2.443740,0.000000,7.899165,3.031886,599,0.000000,27.800000,13.000000,9.400000,-9.454090,80.313994,13.000000
2022-01-16 13:50:00,5.142571,0.000000,7.904174,5.164608,599,0.000000,27.800000,13.000000,9.400000,5.841402,80.313994,13.000000
2022-01-16 14:00:00,1.657930,0.000000,7.963272,2.511185,599,0.000000,27.800000,13.000000,9.400000,19.282137,80.313994,13.000000
2022-01-16 14:10:00,1.106511,0.000000,8.320033,2.127546,599,0.000000,27.800000,13.000000,9.400000,27.482471,80.313994,13.000000
2022-01-16 14:20:00,2.230885,0.000000,8.800835,2.908848,599,0.000000,27.800000,13.000000,9.400000,5.848080,80.313994,13.000000
2022-01-16 14:30:00,2.532888,0.000000,8.800000,3.304341,599,0.000000,27.800000,13.000000,9.400000,20.716194,80.313994,13.000000
2022-01-16 14:40:00,3.663940,0.000000,8.769783,3.722871,599,0.000000,27.800000,13.000000,9.400000,-4.928214,80.313994,13.000000
2022-01-16 14:50:00,3.231219,0.000000,8.602838,3.395159,599,0.000000,27.800000,13.000000,9.400000,-3.058431,80.313994,13.000000
2022-01-16 15:00:00,5.108013,0.000000,8.579800,5.327880,599,0.000000,27.800000,13.000000,9.400000,8.090150,80.313994,13.000000
2022-01-16 15:10:00,5.413689,0.000000,8.734558,5.390150,599,0.000000,27.800000,13.000000,9.400000,10.228715,80.313994,13.000000
2022-01-16 15:20:00,4.463043,0.000000,9.323411,4.634615,598,0.000000,27.800000,13.000000,9.400000,12.553512,80.314654,13.000000
2022-01-16 15:30:00,4.019533,0.000000,9.990985,4.101836,599,0.000000,27.800000,13.000000,9.400000,10.878130,80.316630,13.000000
2022-01-16 15:40:00,3.379967,0.000000,9.319866,3.677629,599,0.000000,27.800000,13.000000,9.400000,12.358932,80.313994,13.000000
2022-01-16 15:50:00,3.583806,0.000000,8.145242,4.021202,599,0.000000,27.800000,13.000000,9.400000,18.555927,80.313994,13.000000
2022-01-16 16:00:00,4.200334,0.000000,7.243072,4.233222,599,0.000000,27.800000,13.000000,9.400000,5.153589,80.313994,13.000000
2022-01-16 16:10:00,4.558431,0.000000,7.013356,4.484641,599,0.000000,27.800000,13.000000,9.400000,-1.781302,80.313994,13.000000
2022-01-16 16:20:00,4.105175,0.000000,6.961102,4.075459,599,0.000000,27.800000,13.000000,9.400000,-2.308848,80.313994,13.000000
2022-01-16 16:30:00,2.813189,0.000000,6.954591,3.361269,599,0.000000,27.800000,13.000000,9.400000,9.410684,80.313994,13.000000
2022-01-16 16:40:00,1.600000,0.000000,6.935058,2.379132,599,0.000000,27.800000,13.000000,9.400000,1.859766,80.313994,13.000000
2022-01-16 16:50:00,0.206678,0.000000,6.932554,1.128047,599,0.000000,27.800000,13.000000,9.400000,-19.606010,80.313994,13.000000
2022-01-16 17:00:00,0.339065,0.000000,6.935726,1.161102,599,0.000000,27.800000,13.000000,9.400000,-6.051753,80.313994,13.000000
2022-01-16 17:10:00,0.041235,0.000000,6.939232,1.168114,599,0.000000,27.800000,13.000000,9.400000,-52.883139,80.313994,13.000000
2022-01-16 17:20:00,1.262270,0.000000,6.924541,2.390818,599,0.000000,27.800000,13.000000,9.400000,22.873122,80.313994,13.000000
2022-01-16 17:30:00,0.974667,0.000000,6.921000,1.994500,600,0.000000,27.800000,13.000000,9.400000,2.973333,80.313994,13.000000
2022-01-16 17:40:00,0.001669,0.000000,6.943740,1.214691,599,0.000000,27.800000,13.000000,9.400000,22.814691,80.313994,13.000000
2022-01-16 17:50:00,1.071119,0.000000,6.972955,2.065275,599,0.000000,27.800000,13.000000,9.400000,9.218698,80.313994,13.000000
2022-01-16 18:00:00,1.875292,0.000000,6.990317,2.330885,599,0.000000,27.800000,13.000000,9.400000,-14.761269,80.313994,13.000000
2022-01-16 18:10:00,1.375125,0.000000,7.010017,2.158932,599,0.000000,27.800000,13.000000,9.400000,15.642738,80.313994,13.000000
2022-01-16 18:20:00,1.023539,0.000000,6.931886,1.973623,599,0.000000,27.800000,13.000000,9.400000,17.013356,80.313994,13.000000
2022-01-16 18:30:00,0.575833,0.000000,6.915333,1.518833,600,0.000000,27.800000,13.000000,9.400000,0.478333,80.313994,13.000000
2022-01-16 18:40:00,1.202504,0.000000,6.910184,1.887145,599,0.000000,27.800000,13.000000,9.400000,-12.597663,80.313994,13.000000
2022-01-16 18:50:00,1.150584,0.000000,6.909516,1.620033,599,0.000000,27.800000,13.000000,9.400000,21.465776,80.313994,13.000000
2022-01-16 19:00:00,0.000000,0.000000,6.901669,0.741235,599,0.000000,27.800000,13.000000,9.400000,49.188648,80.313994,13.000000
2022-01-16 19:10:00,0.851586,0.000000,6.900000,1.912020,599,0.000000,27.800000,13.000000,9.400000,17.145242,80.313994,13.000000
2022-01-16 19:20:00,1.996327,0.000000,6.893823,2.316861,599,0.000000,27.800000,13.000000,9.400000,-4.954925,80.313994,13.000000
2022-01-16 19:30:00,1.633779,0.000000,6.732776,2.146321,598,0.000000,27.800000,13.000000,9.400000,3.295987,80.313994,13.000000
2022-01-16 19:40:00,2.221870,0.000000,6.462104,2.620701,599,0.000000,27.800000,13.000000,9.400000,-20.285476,80.313994,13.000000
2022-01-16 19:50:00,2.443573,0.000000,6.155593,2.762604,599,0.000000,27.800000,13.000000,9.400000,-3.055092,80.313994,13.000000
2022-01-16 20:00:00,0.528333,0.000000,6.028000,1.270667,600,0.000000,27.800000,13.000000,9.400000,18.830000,80.313994,13.000000
2022-01-16 20:10:00,0.000000,0.000000,6.010351,0.792821,599,0.000000,27.800000,13.000000,9.400000,62.337229,80.313994,13.000000
2022-01-16 20:20:00,0.630885,0.000000,6.001836,1.664608,599,0.000000,27.800000,13.000000,9.400000,25.472454,80.313994,13.000000
2022-01-16 20:30:00,0.992654,0.000000,6.000835,1.870952,599,0.000000,27.800000,13.000000,9.400000,-29.020033,80.313994,13.000000
2022-01-16 20:40:00,1.662167,0.000000,6.000000,2.125167,600,0.000000,27.800000,13.000000,9.400000,-5.695000,80.313994,13.000000
2022-01-16 20:50:00,1.435058,0.000000,6.000000,1.947913,599,0.000000,27.800000,13.000000,9.400000,3.679466,80.313994,13.000000
2022-01-16 21:00:00,0.094992,0.000000,6.000000,0.753255,599,0.000000,27.800000,13.000000,9.400000,39.432387,80.313994,13.000000
2022-01-16 21:10:00,0.000000,0.000000,6.000000,0.965609,599,0.000000,27.800000,13.000000,9.400000,56.362270,80.313994,13.000000
2022-01-16 21:20:00,0.000000,0.000000,5.999167,1.421667,600,0.000000,27.800000,13.000000,9.400000,19.958333,80.313994,13.000000
2022-01-16 21:30:00,0.000000,0.000000,5.998164,0.448748,599,0.000000,27.800000,13.000000,9.400000,-49.166945,80.313994,13.000000
2022-01-16 21:40:00,0.532387,0.000000,5.998331,1.714524,599,0.000000,27.800000,13.000000,9.400000,-26.480801,80.313994,13.000000
2022-01-16 21:50:00,1.193656,0.000000,5.993823,2.136227,599,0.000000,27.800000,13.000000,9.400000,12.856427,80.313994,13.000000
2022-01-16 22:00:00,0.055259,0.000000,5.988147,1.244240,599,0.000000,27.800000,13.000000,9.400000,8.026711,80.313994,13.000000
2022-01-16 22:10:00,0.000000,0.000000,5.974500,0.770667,600,0.000000,27.800000,13.000000,9.400000,-5.565000,80.313994,13.000000
2022-01-16 22:20:00,0.000000,0.000000,5.923372,1.276962,599,0.000000,27.800000,13.000000,9.400000,32.429048,80.313994,13.000000
2022-01-16 22:30:00,0.000000,0.000000,5.832053,0.242905,599,0.000000,27.800000,13.000000,9.400000,21.447412,80.313994,13.000000
2022-01-16 22:40:00,0.000000,0.000000,5.711873,0.402676,598,0.000000,27.800000,13.000000,6.999498,5.953177,80.313994,13.000000
2022-01-16 22:50:00,0.000000,0.000000,5.618667,0.016000,600,0.000000,27.800000,13.000000,0.700000,20.815000,80.313994,13.000000
2022-01-16 23:00:00,0.000000,0.000000,5.523154,0.727685,596,0.000000,27.800000,13.000000,1.087752,39.090604,80.313994,13.000000
2022-01-16 23:10:00,0.373746,0.000000,5.424080,1.467726,598,0.000000,27.800000,13.000000,2.295987,33.784281,80.313994,13.000000
2022-01-16 23:20:00,0.460434,0.000000,5.431386,1.679299,599,0.000000,27.800000,13.000000,2.600000,7.255426,80.313994,13.000000
2022-01-16 23:30:00,0.627880,0.000000,5.362104,1.433723,599,0.000000,27.800000,13.000000,2.847579,21.631052,80.313994,13.000000
2022-01-16 23:40:00,0.000000,0.000000,5.285643,0.953422,599,0.000000,27.800000,13.000000,3.000000,61.200334,80.313994,13.000000
2022-01-16 23:50:00,0.000000,0.000000,5.174457,1.187312,599,0.000000,27.800000,13.000000,3.000000,14.921536,80.313994,13.000000
2022-01-17 00:00:00,0.043406,0.000000,5.197830,1.080801,599,0.000000,27.800000,13.000000,3.000000,7.941569,80.313994,13.000000
2022-01-17 00:10:00,0.167613,0.000000,5.170785,0.934057,599,0.000000,27.800000,13.000000,3.000000,-32.714524,80.313994,13.000000
2022-01-17 00:20:00,3.256761,0.000000,5.182304,3.625376,599,0.000000,27.800000,13.000000,5.257262,7.343907,80.313994,13.000000
2022-01-17 00:30:00,2.442977,0.000000,5.252676,3.101171,598,0.000000,27.800000,13.000000,5.800000,14.954849,80.313994,13.000000
2022-01-17 00:40:00,0.603005,0.000000,5.362938,1.535392,599,0.000000,27.800000,13.000000,5.800000,6.454090,80.313994,13.000000
2022-01-17 00:50:00,0.000000,0.000000,5.321369,0.844073,599,0.000000,27.800000,13.000000,5.800000,37.071786,80.313994,13.000000
2022-01-17 01:00:00,0.001669,0.000000,5.241402,1.443907,599,0.000000,27.800000,13.000000,5.800000,44.994992,80.313994,13.000000
2022-01-17 01:10:00,0.062771,0.000000,5.230551,1.275626,599,0.000000,27.800000,13.000000,5.800000,44.060100,80.313994,13.000000
2022-01-17 01:20:00,0.000000,0.000000,5.238333,0.647500,600,0.000000,27.800000,13.000000,5.800000,-1.853333,80.313994,13.000000
2022-01-17 01:30:00,0.000000,0.000000,5.217863,0.827379,599,0.000000,27.800000,13.000000,5.800000,23.315526,80.313994,13.000000
2022-01-17 01:40:00,0.000668,0.000000,5.190651,1.418030,599,0.000000,27.800000,13.000000,5.800000,35.601002,80.313994,13.000000
2022-01-17 01:50:00,0.465217,0.000000,5.163880,1.552341,598,0.000000,27.800000,13.000000,5.800000,19.177258,80.313994,13.000000
2022-01-17 02:00:00,0.433389,0.000000,5.151586,1.962938,599,0.000000,27.800000,13.000000,5.800000,34.616027,80.313994,13.000000
2022-01-17 02:10:00,0.363439,0.000000,5.151586,1.329382,599,0.000000,27.800000,13.000000,5.800000,0.327212,80.313994,13.000000
2022-01-17 02:20:00,0.954925,0.000000,5.152421,1.697830,599,0.000000,27.800000,13.000000,5.800000,1.270451,80.313994,13.000000
2022-01-17 02:30:00,0.030718,0.000000,5.158932,1.311185,599,0.000000,27.800000,13.000000,5.800000,-36.672788,80.313994,13.000000
2022-01-17 02:40:00,0.189967,0.000000,5.138796,1.380268,598,0.000000,27.800000,13.000000,5.800000,-23.200669,80.313994,13.000000
2022-01-17 02:50:00,1.178297,0.000000,5.138397,1.883973,599,0.000000,27.800000,13.000000,5.800000,-3.641068,80.313994,13.000000
2022-01-17 03:00:00,0.822742,0.000000,5.139632,1.880936,598,0.000000,27.800000,13.000000,5.800000,19.394649,80.313994,13.000000
2022-01-17 03:10:00,1.778930,0.000000,5.164047,2.654181,598,0.000000,27.800000,13.000000,5.800000,21.170569,80.313994,13.000000
2022-01-17 03:20:00,2.481135,0.000000,5.235058,2.924541,599,0.000000,27.800000,13.000000,5.800000,6.928214,80.313994,13.000000
2022-01-17 03:30:00,3.026087,0.000000,5.322910,3.394147,598,0.000000,27.800000,13.000000,5.800000,6.209030,80.313994,13.000000
2022-01-17 03:40:00,2.027090,0.000000,5.471739,2.570234,598,0.000000,27.800000,13.000000,5.800000,-0.212375,80.313994,13.000000
2022-01-17 03:50:00,0.376628,0.000000,5.569783,1.284140,599,0.000000,27.800000,13.000000,5.800000,-17.273790,80.313994,13.000000
2022-01-17 04:00:00,0.033556,0.000000,5.547412,1.058598,599,0.000000,27.800000,13.000000,5.800000,-36.681135,80.313994,13.000000
2022-01-17 04:10:00,2.082500,0.000000,5.584000,2.654667,600,0.000000,27.800000,13.000000,5.800000,2.151667,80.313994,13.000000
2022-01-17 04:20:00,1.213712,0.000000,5.603344,2.497324,598,0.000000,27.800000,13.000000,5.800000,30.740803,80.313994,13.000000
2022-01-17 04:30:00,3.537730,0.000000,5.663606,3.646578,599,0.000000,27.800000,13.000000,6.041736,-1.061770,80.313994,13.000000
2022-01-17 04:40:00,3.621202,0.000000,5.720701,3.754925,599,0.000000,27.800000,13.000000,6.200000,-0.901503,80.313994,13.000000
2022-01-17 04:50:00,3.907513,0.000000,5.753923,3.947245,599,0.000000,27.800000,13.000000,6.796995,-0.048414,80.313994,13.000000
2022-01-17 05:00:00,3.420534,0.000000,5.762938,3.441235,599,0.000000,27.800000,13.000000,6.800000,-6.651085,80.313994,13.000000
2022-01-17 05:10:00,2.758361,0.000000,5.774582,3.192977,598,0.000000,27.800000,13.000000,6.800000,11.541806,80.313994,13.000000
2022-01-17 05:20:00,1.739065,0.000000,5.724207,2.274457,599,0.000000,27.800000,13.000000,6.800000,5.312187,80.313994,13.000000
2022-01-17 05:30:00,0.705175,0.000000,5.714524,1.534391,599,0.000000,27.800000,13.000000,6.800000,-4.457429,80.313994,13.000000
2022-01-17 05:40:00,0.109850,0.000000,5.669115,1.452922,599,0.000000,27.800000,13.000000,6.800000,11.672788,80.313994,13.000000
2022-01-17 05:50:00,1.426711,0.000000,5.565609,2.543573,599,0.000000,27.800000,13.000000,6.800000,24.951586,80.313994,13.000000
2022-01-17 06:00:00,2.931386,0.000000,5.524541,3.208848,599,0.000000,27.800000,13.000000,6.800000,6.964942,80.313994,13.000000
2022-01-17 06:10:00,2.839130,0.000000,5.573579,3.238963,598,0.000000,27.800000,13.000000,6.800000,4.484950,80.313994,13.000000
2022-01-17 06:20:00,2.779132,0.000000,5.588815,3.116528,599,0.000000,27.800000,13.000000,6.800000,3.924875,80.313994,13.000000
2022-01-17 06:30:00,1.855593,0.000000,5.649583,2.462771,599,0.000000,27.800000,13.000000,6.800000,-12.580968,80.313994,13.000000
2022-01-17 06:40:00,2.444407,0.000000,5.660768,2.924541,599,0.000000,27.800000,13.000000,6.800000,-10.781302,80.313994,13.000000
2022-01-17 06:50:00,2.041736,0.000000,5.693322,2.567446,599,0.000000,27.800000,13.000000,6.800000,-12.300501,80.313994,13.000000
2022-01-17 07:00:00,0.078965,0.000000,5.734725,0.612354,599,0.000000,27.800000,13.000000,6.800000,-45.171953,80.313994,13.000000
2022-01-17 07:10:00,0.000000,0.000000,5.720333,0.787500,600,0.000000,27.800000,13.000000,6.800000,-76.388333,80.313994,13.000000
2022-01-17 07:20:00,0.000000,0.000000,5.660768,0.192988,599,0.000000,27.800000,13.000000,6.800000,-66.156928,80.313994,13.000000
2022-01-17 07:30:00,0.000000,0.000000,5.665776,0.574958,599,0.000000,27.800000,13.000000,6.800000,-64.721202,80.313994,13.000000
2022-01-17 07:40:00,0.000000,0.000000,5.848581,0.709182,599,0.000000,27.800000,13.000000,6.800000,-31.597663,80.313994,13.000000
2022-01-17 07:50:00,0.000000,0.000000,5.238731,0.946912,599,0.000000,27.800000,13.000000,6.800000,11.991653,80.313994,13.000000
2022-01-17 08:00:00,0.000000,0.000000,5.163439,0.886978,599,0.000000,27.800000,13.000000,6.800000,17.237062,80.313994,13.000000
2022-01-17 08:10:00,0.000000,0.000000,5.625042,0.207846,599,0.000000,27.800000,13.000000,6.800000,13.517529,80.313994,13.000000
2022-01-17 08:20:00,0.000000,0.000000,5.961333,0.218667,600,0.000000,27.800000,13.000000,6.800000,-76.880000,80.313994,13.000000
2022-01-17 08:30:00,0.000000,0.000000,5.999165,0.141736,599,0.000000,27.800000,13.000000,6.800000,-53.425710,80.313994,13.000000
2022-01-17 08:40:00,0.000000,0.000000,6.001002,0.082471,599,0.000000,27.800000,13.000000,6.800000,25.616027,80.313994,13.000000
2022-01-17 08:50:00,0.000000,0.000000,6.001669,1.074290,599,0.000000,27.800000,13.000000,6.800000,-26.659432,80.313994,13.000000
2022-01-17 09:00:00,0.000000,0.000000,6.006845,0.908514,599,0.000000,27.800000,13.000000,6.800000,-26.223706,80.313994,13.000000
2022-01-17 09:10:00,0.702003,0.000000,6.005008,1.775960,599,0.000000,27.800000,13.000000,6.800000,-20.043406,80.313994,13.000000
2022-01-17 09:20:00,2.076294,0.000000,6.006678,2.461603,599,0.000000,27.800000,13.000000,6.800000,-1.507513,80.313994,13.000000
2022-01-17 09:30:00,2.158932,0.000000,6.008514,2.451085,599,0.000000,27.800000,13.000000,6.800000,0.051753,80.313994,13.000000
2022-01-17 09:40:00,1.392988,0.000000,6.014524,2.145242,599,0.000000,27.800000,13.000000,6.800000,11.432387,80.313994,13.000000
2022-01-17 09:50:00,3.543907,0.000000,6.027880,3.912521,599,0.000000,27.800000,13.000000,6.800000,15.652755,80.313994,13.000000
2022-01-17 10:00:00,4.805843,0.000000,6.118364,4.769950,599,0.000000,27.800000,13.000000,6.800000,1.504174,80.313994,13.000000
2022-01-17 10:10:00,3.706678,0.000000,6.385476,3.739399,599,0.000000,27.800000,13.000000,6.800000,3.641068,80.313994,13.000000
2022-01-17 10:20:00,2.357429,0.000000,6.688815,2.585643,599,0.000000,27.800000,13.000000,6.800000,2.913189,80.313994,13.000000
2022-01-17 10:30:00,1.934057,0.000000,6.867112,2.352087,599,0.000000,27.800000,13.000000,6.800000,-3.056761,80.313994,13.000000
2022-01-17 10:40:00,1.765109,0.000000,6.911686,2.249249,599,0.000000,27.800000,12.435726,6.800000,-11.736227,76.957502,12.000000
2022-01-17 10:50:00,6.127379,16.676127,6.940401,3.131720,599,0.000000,27.800000,11.646077,6.800000,-4.609349,69.825327,12.000000
2022-01-17 11:00:00,6.072120,12.130217,6.944574,3.824708,599,0.000000,27.800000,11.819699,6.800000,-9.255426,71.982051,12.000000
2022-01-17 11:10:00,5.845743,16.684474,6.947913,4.241736,599,0.000000,27.800000,11.779633,6.800000,10.969950,74.243615,12.000000
2022-01-17 11:20:00,6.121536,12.529215,7.006845,5.276127,599,0.000000,27.800000,12.315526,7.593990,7.078464,77.429495,12.000000
2022-01-17 11:30:00,4.985476,0.000000,7.147913,5.026711,599,0.000000,27.800000,13.000000,8.000000,9.235392,79.951838,13.000000
2022-01-17 11:40:00,4.084975,0.000000,7.335225,4.212187,599,0.000000,27.800000,13.000000,8.000000,5.801336,79.947245,13.000000
2022-01-17 11:50:00,3.628715,0.000000,7.505342,3.794658,599,0.000000,27.800000,13.000000,8.000000,7.223706,79.953150,13.000000
2022-01-17 12:00:00,3.716388,0.000000,7.650000,3.873579,598,0.000000,27.800000,13.000000,8.000000,7.123746,79.961090,13.000000
2022-01-17 12:10:00,3.688648,0.000000,7.738564,4.256427,599,0.000000,27.800000,13.000000,8.000000,19.430718,79.964303,13.000000
2022-01-17 12:20:00,3.298664,0.000000,7.818698,3.595326,599,0.000000,27.800000,13.000000,8.000000,10.442404,80.230672,13.000000
2022-01-17 12:30:00,3.615025,0.000000,7.885142,3.836060,599,0.000000,27.800000,13.000000,8.000000,-3.627713,80.313994,13.000000
2022-01-17 12:40:00,3.180301,0.000000,7.950250,3.413189,599,0.000000,27.800000,13.000000,8.000000,5.727880,80.313994,13.000000
2022-01-17 12:50:00,3.893645,0.000000,8.372074,3.972575,598,0.000000,27.800000,13.000000,8.000000,7.086957,80.313994,13.000000
2022-01-17 13:00:00,4.221870,0.000000,8.646244,4.171285,599,0.000000,27.800000,13.000000,8.000000,1.282137,80.313994,13.000000
2022-01-17 13:10:00,3.709850,5.350584,8.960267,3.816194,599,0.000000,27.800000,13.000000,8.000000,0.103506,80.313338,13.000000
2022-01-17 13:20:00,2.793489,0.000000,9.200668,3.278798,599,0.000000,27.800000,13.000000,8.000000,14.425710,80.313994,13.000000
2022-01-17 13:30:00,3.466778,0.000000,9.132888,3.768948,599,0.000000,27.800000,13.000000,8.000000,14.078464,80.313994,13.000000
2022-01-17 13:40:00,4.228881,0.000000,10.037730,4.469783,599,0.000000,27.800000,13.000000,8.000000,11.530885,80.313994,13.000000
2022-01-17 13:50:00,4.107012,0.000000,10.778297,4.206511,599,0.000000,27.800000,13.000000,8.000000,7.475793,80.313994,13.000000
2022-01-17 14:00:00,4.586311,0.000000,10.850918,4.709182,599,0.000000,27.800000,13.000000,8.000000,11.848080,80.313994,13.000000
2022-01-17 14:10:00,3.944407,0.000000,11.559766,4.206010,599,0.000000,27.800000,13.000000,8.000000,12.470785,80.313994,13.000000
2022-01-17 14:20:00,2.953088,0.000000,11.598331,3.395659,599,0.000000,27.800000,13.000000,8.000000,13.145242,80.313994,13.000000
2022-01-17 14:30:00,2.455426,0.000000,11.598331,2.831553,599,0.000000,27.800000,13.000000,8.000000,5.128548,80.313994,13.000000
2022-01-17 14:40:00,2.521369,0.000000,11.599165,2.777129,599,0.000000,27.800000,13.000000,8.000000,-1.878130,80.313994,13.000000
2022-01-17 14:50:00,2.766388,0.000000,11.598997,3.021906,598,0.000000,27.800000,13.000000,8.000000,-2.949833,80.313994,13.000000
2022-01-17 15:00:00,2.163333,0.000000,11.601667,2.558667,600,0.000000,27.800000,13.000000,8.000000,0.588333,80.313994,13.000000
2022-01-17 15:10:00,1.980435,0.000000,11.606689,2.370067,598,0.000000,27.800000,13.000000,8.000000,-3.627090,80.313994,13.000000
2022-01-17 15:20:00,1.106333,0.000000,11.605667,1.897167,600,0.000000,27.800000,13.000000,8.000000,0.550000,80.313994,13.000000
2022-01-17 15:30:00,0.014357,0.000000,11.610351,0.677295,599,0.000000,27.800000,13.000000,8.000000,-40.096828,80.313994,13.000000
2022-01-17 15:40:00,0.095333,0.000000,11.605833,0.937667,600,0.000000,27.800000,13.000000,8.000000,-29.025000,80.313994,13.000000
2022-01-17 15:50:00,1.349249,0.000000,11.362437,2.014190,599,0.000000,27.800000,13.000000,8.000000,-16.818030,80.313994,13.000000
2022-01-17 16:00:00,2.117195,0.000000,10.493489,2.385643,599,0.000000,27.800000,13.000000,8.000000,-9.420701,80.313994,13.000000
2022-01-17 16:10:00,1.658431,0.000000,10.532888,2.193656,599,0.000000,27.800000,13.000000,8.000000,-18.043406,80.313994,13.000000
2022-01-17 16:20:00,1.577796,0.000000,10.848915,2.148581,599,0.000000,27.800000,13.000000,8.000000,-17.270451,80.313994,13.000000
2022-01-17 16:30:00,1.420868,0.000000,11.498164,1.982805,599,0.000000,27.800000,13.000000,8.000000,-17.751252,80.313994,13.000000
2022-01-17 16:40:00,0.375793,0.000000,10.785476,1.442070,599,0.000000,27.800000,13.000000,8.000000,-19.290484,80.313994,13.000000
2022-01-17 16:50:00,0.313689,0.000000,10.637563,1.338564,599,0.000000,27.800000,13.000000,8.000000,-8.993322,80.313994,13.000000
2022-01-17 17:00:00,0.077796,0.000000,10.601836,1.325376,599,0.000000,27.800000,13.000000,8.000000,-20.726210,80.313994,13.000000
2022-01-17 17:10:00,0.000000,0.000000,10.347913,1.242905,599,0.000000,27.800000,13.000000,8.000000,-16.175292,80.313994,13.000000
2022-01-17 17:20:00,0.163500,0.000000,9.713500,1.348500,600,0.000000,27.800000,13.000000,8.000000,-12.395000,80.313994,13.000000
2022-01-17 17:30:00,0.000000,0.000000,9.700000,0.944908,599,0.000000,27.800000,13.000000,8.000000,-8.864775,80.313994,13.000000
2022-01-17 17:40:00,0.000000,0.000000,9.619366,1.216194,599,0.000000,27.800000,13.000000,8.000000,6.629382,80.313994,13.000000
2022-01-17 17:50:00,0.000000,0.000000,9.631500,0.828333,600,0.000000,27.800000,13.000000,8.000000,13.650000,80.313994,13.000000
2022-01-17 18:00:00,0.000000,0.000000,9.704174,0.734891,599,0.000000,27.800000,13.000000,8.000000,-11.198664,80.313994,13.000000
2022-01-17 18:10:00,0.000000,0.000000,9.717000,0.486167,600,0.000000,27.800000,13.000000,8.000000,8.506667,80.313994,13.000000
2022-01-17 18:20:00,0.000000,0.000000,9.773167,0.691333,600,0.000000,27.800000,13.000000,8.000000,47.055000,80.313994,13.000000
2022-01-17 18:30:00,0.000000,0.000000,10.417833,0.317500,600,0.000000,27.800000,13.000000,8.000000,18.381667,80.313994,13.000000
2022-01-17 18:40:00,0.000000,0.000000,10.625876,0.528381,599,0.000000,27.800000,13.000000,8.000000,41.691152,80.313994,13.000000
2022-01-17 18:50:00,0.000000,0.000000,10.607333,0.837333,600,0.000000,27.800000,13.000000,8.000000,41.601667,80.313994,13.000000
2022-01-17 19:00:00,0.000000,0.000000,10.110184,1.175459,599,0.000000,27.800000,13.000000,8.000000,48.390651,80.313994,13.000000
2022-01-17 19:10:00,0.000000,0.000000,9.863833,1.349833,600,0.000000,27.800000,13.000000,8.000000,43.315000,80.313994,13.000000
2022-01-17 19:20:00,0.000000,0.000000,10.244574,1.379967,599,0.000000,27.800000,13.000000,8.000000,4.345576,80.313994,13.000000
2022-01-17 19:30:00,1.517863,0.000000,10.216528,2.156093,599,0.000000,27.800000,13.000000,8.000000,-14.373957,80.313994,13.000000
2022-01-17 19:40:00,0.954758,0.000000,10.239900,1.771452,599,0.000000,27.800000,13.000000,8.000000,-14.535893,80.313994,13.000000
2022-01-17 19:50:00,1.127546,0.000000,9.961436,1.816194,599,0.000000,27.800000,13.000000,8.000000,-6.524207,80.313994,13.000000
2022-01-17 20:00:00,0.000000,0.000000,9.741736,0.961937,599,0.000000,27.800000,13.000000,8.000000,-19.095159,80.313994,13.000000
2022-01-17 20:10:00,0.000000,0.000000,9.707667,0.602000,600,0.000000,27.800000,13.000000,8.000000,-17.975000,80.313994,13.000000
2022-01-17 20:20:00,0.000000,0.000000,9.707513,0.464274,599,0.000000,27.800000,13.000000,8.000000,-69.282137,80.313994,13.000000
2022-01-17 20:30:00,0.000000,0.000000,9.701500,0.694667,600,0.000000,27.800000,13.000000,8.000000,-58.798333,80.313994,13.000000
2022-01-17 20:40:00,0.000000,0.000000,9.702667,0.348833,600,0.000000,27.800000,13.000000,8.000000,-67.300000,80.313994,13.000000
2022-01-17 20:50:00,0.000000,0.000000,9.704174,0.367446,599,0.000000,27.800000,13.000000,8.000000,-53.410684,80.313994,13.000000
2022-01-17 21:00:00,0.000000,0.000000,9.700833,0.045000,600,0.000000,27.800000,13.000000,8.000000,101.253333,80.313994,13.000000
2022-01-17 21:10:00,0.000000,0.000000,9.702500,0.614500,600,0.000000,27.800000,13.000000,8.000000,157.525000,80.313994,13.000000
2022-01-17 21:20:00,0.000000,0.000000,9.700000,1.334057,599,0.000000,27.800000,13.000000,8.000000,121.257095,80.313994,13.000000
2022-01-17 21:30:00,0.000000,0.000000,9.696494,0.897663,599,0.000000,27.800000,13.000000,8.000000,29.045075,80.313994,13.000000
2022-01-17 21:40:00,0.000000,0.000000,9.695833,0.587167,600,0.000000,27.800000,13.000000,8.000000,10.251667,80.313994,13.000000
2022-01-17 21:50:00,0.000000,0.000000,9.636667,0.918667,600,0.000000,27.800000,13.000000,8.000000,17.235000,80.313994,13.000000
2022-01-17 22:00:00,0.000000,0.000000,9.292154,0.828715,599,0.000000,27.800000,13.000000,8.000000,48.936561,80.313994,13.000000
2022-01-17 22:10:00,0.000000,0.000000,8.966333,1.310667,600,0.000000,27.800000,13.000000,8.000000,49.316667,80.313994,13.000000
2022-01-17 22:20:00,0.000000,0.000000,8.894816,0.478595,598,0.000000,27.800000,13.000000,8.000000,23.428094,80.313994,13.000000
2022-01-17 22:30:00,0.000000,0.000000,8.866000,0.153833,600,0.000000,27.800000,13.000000,8.000000,-64.531667,80.313994,13.000000
2022-01-17 22:40:00,0.000000,0.000000,8.818000,0.155000,600,0.000000,27.800000,13.000000,5.937500,65.608333,80.313994,13.000000
2022-01-17 22:50:00,0.000000,0.000000,8.808347,0.332053,599,0.000000,27.800000,13.000000,0.664942,-101.861436,80.313994,13.000000
2022-01-18 23:00:00,20.255351,242.304348,22.853679,1.101672,598,-0.028729,27.800000,10.000000,2.000000,24.215719,14.034000,10.000000
2022-01-18 23:10:00,18.013613,211.594958,22.437983,0.879496,595,-0.049176,27.800000,9.912605,2.000000,-5.253782,15.966001,10.000000
2022-01-18 23:20:00,1.030821,0.000000,21.774037,1.362647,597,0.000000,27.800000,9.000000,2.000000,-13.939698,37.864517,9.000000
2022-01-18 23:30:00,0.000000,0.000000,21.281240,1.257454,597,0.000000,27.800000,9.000000,2.000000,-7.222781,37.870651,9.000000
2022-01-18 23:40:00,0.000000,0.000000,20.120200,1.555760,599,0.000000,27.800000,9.000000,2.000000,-6.106845,37.858940,9.000000
2022-01-18 23:50:00,0.000000,0.000000,18.823283,1.376382,597,0.000000,27.800000,9.000000,2.000000,-7.911223,37.858940,9.000000
2022-01-19 00:00:00,0.000000,0.000000,17.947913,1.286144,599,0.000000,27.800000,9.000000,2.000000,5.809683,37.858940,9.000000
2022-01-19 00:10:00,0.000000,0.000000,17.378965,1.198497,599,0.000000,27.800000,9.000000,2.000000,5.789649,37.858940,9.000000
2022-01-19 00:20:00,0.000000,0.000000,17.000000,0.589149,599,0.000000,27.800000,9.000000,2.000000,101.878130,37.858940,9.000000
2022-01-19 00:30:00,0.000000,0.000000,16.567279,0.364274,599,0.000000,27.800000,9.000000,2.000000,-4.076795,37.858940,9.000000
2022-01-19 00:40:00,0.000000,0.000000,16.098328,0.961037,598,0.000000,27.800000,9.000000,2.000000,-4.294314,37.858940,9.000000
2022-01-19 00:50:00,0.000000,0.000000,15.624541,0.591987,599,0.000000,27.800000,9.000000,2.000000,49.629382,37.858940,9.000000
2022-01-19 01:00:00,0.000000,0.000000,15.194992,0.383639,599,0.000000,27.800000,9.000000,2.000000,13.918197,37.858940,9.000000
2022-01-19 01:10:00,0.000000,0.000000,14.939399,0.441068,599,0.000000,27.800000,9.000000,2.000000,27.604341,37.858940,9.000000
2022-01-19 01:20:00,0.000000,0.000000,14.320868,0.105175,599,0.000000,27.800000,9.000000,2.000000,-93.442404,37.858940,9.000000
2022-01-19 01:30:00,0.000000,0.000000,14.242571,0.045910,599,0.000000,27.800000,9.000000,2.000000,72.383973,37.858940,9.000000
2022-01-19 01:40:00,0.000000,0.000000,13.585309,0.566110,599,0.000000,27.800000,9.000000,2.000000,150.560935,37.858940,9.000000
2022-01-19 01:50:00,0.000000,0.000000,13.352922,0.291486,599,0.000000,27.800000,9.000000,2.000000,-75.480801,37.858940,9.000000
2022-01-19 02:00:00,0.000000,0.000000,13.289465,0.357860,598,0.000000,27.800000,9.000000,2.000000,-96.822742,37.858940,9.000000
2022-01-19 02:10:00,0.000000,0.000000,12.592821,0.442905,599,0.000000,27.800000,9.000000,2.000000,16.267112,37.858940,9.000000
2022-01-19 02:20:00,0.000000,0.000000,12.433222,0.645242,599,0.000000,27.800000,9.000000,2.000000,-14.095159,37.858940,9.000000
2022-01-19 02:30:00,0.000000,0.000000,12.374124,0.360267,599,0.000000,27.800000,9.000000,2.000000,109.669449,37.858940,9.000000
2022-01-19 02:40:00,0.000000,0.000000,11.760201,0.901672,598,0.000000,27.800000,9.000000,2.000000,143.501672,37.858940,9.000000
2022-01-19 02:50:00,0.523372,0.000000,11.521703,1.577295,599,0.000000,27.800000,9.265442,2.354424,97.465776,40.673694,9.000000
2022-01-19 03:00:00,15.046823,155.145485,11.621906,2.395318,598,0.134816,27.800000,10.511706,4.178763,23.448161,40.183656,11.000000
2022-01-19 03:10:00,24.656020,295.212375,12.401839,1.367391,598,0.112023,27.800000,10.000000,4.200000,10.503344,14.034000,10.000000
2022-01-19 03:20:00,25.419565,304.369565,13.023411,1.482274,598,0.180585,27.800000,10.000000,4.200000,5.777592,14.034000,10.000000
2022-01-19 03:30:00,21.406845,256.310518,13.320200,1.282972,599,0.004708,27.800000,10.000000,4.200000,24.188648,14.034000,10.000000
2022-01-19 03:40:00,26.269950,314.385643,13.598998,1.646244,599,0.303873,27.800000,10.000000,4.200000,7.876461,14.034000,10.000000
2022-01-19 03:50:00,25.648662,307.511706,14.295652,1.511538,598,0.143913,27.800000,10.000000,4.200000,13.692308,14.034000,10.000000
2022-01-19 04:00:00,24.368447,291.749583,14.493322,1.365109,599,0.104107,27.800000,10.000000,4.200000,10.956594,14.034000,10.000000
2022-01-19 04:10:00,19.688963,235.571906,14.754013,1.190134,598,-0.032308,27.800000,10.000000,4.200000,24.041806,14.034000,10.000000
2022-01-19 04:20:00,20.915359,250.110184,15.069950,1.161770,599,-0.009633,27.800000,10.000000,4.200000,12.365609,14.034000,10.000000
2022-01-19 04:30:00,28.337960,339.581940,15.260702,1.614883,598,0.301572,27.800000,10.000000,4.200000,11.324415,14.034000,10.000000
2022-01-19 04:40:00,25.858765,309.489149,15.710518,1.490150,599,0.174958,27.800000,10.000000,4.200000,9.911519,14.034000,10.000000
2022-01-19 04:50:00,27.194992,326.016694,16.061603,1.531386,599,0.289783,27.800000,10.000000,4.200000,7.322204,14.034000,10.000000
2022-01-19 05:00:00,22.539232,269.893155,16.071452,1.243740,599,0.025259,27.800000,10.000000,4.200000,15.248748,14.034000,10.000000
2022-01-19 05:10:00,22.673746,271.352843,16.080602,1.222408,598,0.037809,27.800000,10.000000,4.200000,4.474916,14.034000,10.000000
2022-01-19 05:20:00,26.113189,312.893155,16.121870,1.460100,599,0.153790,27.800000,10.000000,4.200000,7.355593,14.034000,10.000000
2022-01-19 05:30:00,19.731553,232.637730,16.249750,1.198998,599,0.085876,27.800000,9.853088,4.200000,14.657763,17.307319,10.000000
2022-01-19 05:40:00,0.238063,0.000000,16.006344,1.219533,599,0.000000,27.800000,9.000000,4.200000,-6.505843,37.858940,9.000000
2022-01-19 05:50:00,2.827880,9.407346,15.332554,1.795993,599,0.001886,27.800000,9.055092,4.200000,-19.646077,36.835228,9.000000
2022-01-19 06:00:00,24.479132,293.070117,15.262771,1.286811,599,0.091836,27.800000,10.000000,4.200000,-0.838063,14.034000,10.000000
2022-01-19 06:10:00,27.619231,330.789298,15.643144,1.560201,598,0.266605,27.800000,10.000000,4.200000,-1.792642,14.034000,10.000000
2022-01-19 06:20:00,28.594649,342.448161,16.046823,1.743311,598,0.327943,27.800000,10.000000,4.200000,-11.553512,14.034000,10.000000
2022-01-19 06:30:00,34.607846,413.929883,16.674791,2.184307,599,0.815927,27.800000,10.000000,4.200000,12.919866,14.034000,10.000000
2022-01-19 06:40:00,39.773623,476.500835,18.911185,2.570618,599,1.546728,27.800000,10.000000,4.200000,6.814691,14.034000,10.000000
2022-01-19 06:50:00,43.028715,514.240401,20.949583,2.876127,599,1.907496,27.800000,10.000000,4.539566,16.903172,14.034000,10.000000
2022-01-19 07:00:00,38.275292,458.323873,22.422871,2.513189,599,1.402671,27.800000,10.000000,5.119366,2.966611,14.034000,10.000000
2022-01-19 07:10:00,29.915025,358.318865,20.903506,1.892988,599,0.407579,27.800000,10.000000,5.200000,1.000000,14.034000,10.000000
2022-01-19 07:20:00,28.918030,346.317195,20.544574,1.727713,599,0.355476,27.800000,10.000000,5.200000,-7.065109,14.034000,10.000000
2022-01-19 07:30:00,36.336728,435.158598,21.035726,2.369783,599,1.059032,27.800000,10.000000,5.200000,15.210351,14.034000,10.000000
2022-01-19 07:40:00,36.370618,434.809683,21.407346,2.494324,599,1.023740,27.800000,10.000000,5.200000,5.439065,14.034000,10.000000
2022-01-19 07:50:00,52.946488,631.630435,25.628763,3.682776,598,3.797977,27.800000,10.000000,5.370401,5.041806,14.075835,10.000000
2022-01-19 08:00:00,44.560768,533.300501,28.044073,2.992487,599,2.454558,27.800000,10.000000,5.600000,-6.005008,14.125673,10.000000
2022-01-19 08:10:00,34.642237,415.150250,24.780634,2.319699,599,0.866427,27.800000,10.000000,5.600000,23.936561,14.034000,10.000000
2022-01-19 08:20:00,34.001836,407.287145,23.593489,2.032220,599,0.754558,27.800000,10.000000,5.600000,-0.196995,14.034000,10.000000
2022-01-20 09:20:00,60.491457,720.569514,55.314573,4.493802,597,5.436985,27.800000,10.000000,11.600000,9.040201,15.775645,10.000000
2022-01-20 09:30:00,60.708878,723.204355,53.213400,4.513568,597,5.509112,27.800000,10.000000,11.600000,3.726968,15.699320,10.000000
2022-01-20 09:40:00,59.947492,713.809365,51.876756,4.560702,598,5.295786,27.800000,10.000000,11.600000,5.222408,16.198047,10.000000
2022-01-20 09:50:00,63.738629,758.832776,54.283445,5.043980,598,6.222007,27.800000,10.000000,11.600000,2.433110,17.510348,10.000000
2022-01-20 10:00:00,61.501169,732.539232,52.960100,4.476962,599,5.617496,27.800000,10.000000,11.600000,7.469115,15.435642,10.000000
2022-01-20 10:10:00,59.434725,708.621035,51.111519,4.189649,599,5.150701,27.800000,10.000000,11.600000,6.746244,15.195633,10.000000
2022-01-20 13:20:00,58.275793,695.078464,47.987646,4.098998,599,4.844925,27.800000,10.000000,11.600000,10.445743,14.862979,10.000000
2022-01-20 13:30:00,57.202680,682.053601,45.929146,3.992295,597,4.607018,27.800000,10.000000,11.600000,8.346734,14.775573,10.000000
2022-01-20 13:40:00,47.415860,567.085142,43.469282,3.124875,599,2.789933,27.800000,10.000000,11.600000,1.181970,14.174564,10.000000
2022-01-20 13:50:00,42.773122,510.542571,36.465776,2.781302,599,2.030935,27.800000,10.000000,11.600000,-3.734558,14.114912,10.000000
2022-01-20 14:00:00,54.589649,652.060100,41.521536,3.854925,599,4.038197,27.800000,10.000000,11.600000,6.277129,14.433363,10.000000
2022-01-20 14:10:00,48.913022,584.212020,38.140401,3.252087,599,2.838431,27.800000,10.000000,11.600000,-6.627713,14.034000,10.000000
2022-01-20 14:20:00,52.182471,622.307179,37.251753,3.371619,599,3.379549,27.800000,10.000000,11.600000,-1.901503,14.037525,10.000000
2022-01-20 14:30:00,59.506355,709.023411,40.338796,3.952508,598,5.092559,27.800000,10.000000,11.600000,3.929766,14.209234,10.000000
2022-01-20 14:40:00,57.568948,686.217028,41.783306,4.085142,599,4.657212,27.800000,10.000000,11.600000,10.756260,14.749959,10.000000
2022-01-20 14:50:00,57.204674,682.175292,42.077295,3.846578,599,4.571486,27.800000,10.000000,11.600000,-0.363940,14.505446,10.000000
2022-01-20 15:00:00,55.504348,662.249164,40.570736,3.787793,598,4.242676,27.800000,10.000000,11.600000,6.222408,14.479292,10.000000
2022-01-20 15:10:00,53.122871,633.936561,38.607179,3.529048,599,3.689583,27.800000,10.000000,11.600000,7.711185,14.082749,10.000000
2022-01-20 15:20:00,55.958431,668.317195,41.514190,3.631720,599,4.323740,27.800000,10.000000,11.600000,1.590985,14.066823,10.000000
2022-01-20 15:30:00,47.814357,571.499165,38.904674,3.130384,599,2.638130,27.800000,10.000000,11.600000,3.682805,14.034000,10.000000
2022-01-20 15:40:00,39.904007,477.697830,34.191319,2.659432,599,1.483756,27.800000,10.000000,11.600000,2.357262,14.034000,10.000000
2022-01-20 15:50:00,26.929716,322.632721,30.810351,1.652254,599,0.423105,27.800000,10.000000,11.600000,-13.721202,14.034000,10.000000
2022-01-20 16:00:00,9.727090,62.453177,28.213545,1.407860,598,0.012977,27.800000,9.237458,11.600000,-32.439799,32.280704,9.000000
2022-01-20 16:10:00,6.391653,0.000000,26.964608,1.484474,599,0.000000,27.800000,9.000000,11.600000,-27.771285,38.191855,9.000000
2022-01-20 16:20:00,26.630836,293.141115,26.077526,1.897909,574,0.465070,27.800000,9.777003,11.682578,-7.249129,19.757398,10.000000
2022-01-20 16:40:00,22.315025,253.910684,24.200334,1.560584,599,0.462571,27.753589,304.764608,11.580634,-11.597663,17.298243,305.000000
2022-01-20 16:50:00,33.398161,398.742475,24.069398,2.162207,598,1.136288,27.800000,10.000000,11.600000,11.944816,14.034000,10.000000
2022-01-20 17:00:00,46.872788,559.928214,26.579132,3.034057,599,2.415309,27.800000,10.000000,11.600000,15.018364,14.034000,10.000000
2022-01-20 17:10:00,44.275292,530.011686,27.269616,2.773456,599,1.982905,27.800000,10.000000,11.600000,13.233723,14.034000,10.000000
2022-01-20 17:20:00,30.323706,363.853088,24.763773,1.687646,599,0.440568,27.800000,10.000000,11.600000,-4.839733,14.034000,10.000000
2022-01-20 17:30:00,13.831052,143.300501,22.962270,1.257262,599,0.012020,27.800000,9.509182,11.600000,-14.959933,25.505102,10.000000
2022-01-20 17:40:00,1.262437,0.000000,22.261269,1.178631,599,0.000000,27.800000,9.000000,11.600000,-32.547579,37.858940,9.000000
2022-01-20 17:50:00,3.965442,12.911519,21.511018,1.527880,599,0.000217,27.800000,9.073456,11.600000,-12.375626,36.404062,9.000000
2022-01-20 18:00:00,14.362437,163.809683,21.164942,1.211185,599,-0.062454,27.800000,9.804674,11.600000,-2.831386,18.488707,10.000000
2022-01-20 18:10:00,20.726210,211.575960,20.849249,2.023539,599,0.346177,27.800000,9.612688,11.600000,-23.025042,23.655058,10.000000
2022-01-20 18:20:00,5.710017,60.711185,20.024040,0.498664,599,-0.044808,27.800000,9.383973,11.600000,-32.570952,28.487625,9.000000
2022-01-20 18:30:00,0.000000,0.000000,19.470618,0.073122,599,0.000000,27.800000,9.000000,11.600000,3.963272,37.858940,9.000000
2022-01-20 18:40:00,0.000000,0.000000,18.812354,0.610184,599,0.000000,27.800000,9.000000,11.600000,-31.110184,37.858940,9.000000
2022-01-20 18:50:00,0.000000,0.000000,18.487291,1.283612,598,0.000000,27.800000,9.000000,11.600000,-1.404682,37.858940,9.000000
2022-01-20 19:00:00,0.000000,0.000000,17.886477,0.555593,599,0.000000,27.800000,9.000000,11.600000,12.602671,37.858940,9.000000
2022-01-20 19:10:00,0.000000,0.000000,17.221369,0.198664,599,0.000000,27.800000,9.000000,11.600000,37.649416,37.858940,9.000000
2022-01-20 19:20:00,0.010184,0.000000,16.969616,0.696160,599,0.000000,27.800000,9.000000,11.600000,62.170284,37.858940,9.000000
2022-01-20 19:30:00,0.000000,0.000000,16.248247,0.408013,599,0.000000,27.800000,9.000000,11.600000,21.422371,37.858940,9.000000
2022-01-20 19:40:00,0.000000,0.000000,16.073957,0.352421,599,0.000000,27.800000,9.000000,11.600000,-111.545910,37.858940,9.000000
2022-01-20 19:50:00,0.000000,0.000000,15.384307,0.208347,599,0.000000,27.800000,9.000000,11.600000,-15.135225,37.858940,9.000000
2022-01-20 20:00:00,0.000000,0.000000,15.185643,0.300000,599,0.000000,27.800000,9.000000,11.600000,109.948247,37.858940,9.000000
2022-01-20 20:10:00,0.000000,0.000000,14.612187,0.595659,599,0.000000,27.800000,9.000000,11.600000,148.792988,37.858940,9.000000
2022-01-20 20:20:00,0.000000,0.000000,14.295318,0.419398,598,0.000000,27.800000,9.000000,11.600000,144.202341,37.858940,9.000000
2022-01-20 20:30:00,0.000000,0.000000,14.127045,0.984641,599,0.000000,27.800000,9.000000,11.600000,141.110184,37.858940,9.000000
2022-01-20 20:40:00,0.000000,0.000000,13.432888,0.813689,599,0.000000,27.800000,9.000000,11.600000,124.649416,37.858940,9.000000
2022-01-20 20:50:00,0.000000,0.000000,13.355426,0.945743,599,0.000000,27.800000,9.000000,11.600000,138.338898,37.858940,9.000000
2022-01-20 21:00:00,0.000000,0.000000,12.862104,1.190484,599,0.000000,27.800000,9.000000,11.600000,147.070117,37.858940,9.000000
2022-01-20 21:10:00,0.000000,0.000000,12.423539,0.983139,599,0.000000,27.800000,9.000000,11.600000,136.906511,37.858940,9.000000
2022-01-20 21:20:00,0.000000,0.000000,12.360601,0.966277,599,0.000000,27.800000,9.000000,11.600000,134.946578,37.858940,9.000000
2022-01-20 21:30:00,0.000000,0.000000,11.572287,0.926878,599,0.000000,27.800000,9.000000,11.600000,137.342237,37.858940,9.000000
2022-01-20 21:40:00,0.005509,0.000000,11.468614,1.178464,599,0.000000,27.800000,9.000000,11.600000,69.450751,37.858940,9.000000
2022-01-20 21:50:00,0.000000,0.000000,10.735893,0.535726,599,0.000000,27.800000,9.000000,11.600000,32.794658,37.858940,9.000000
2022-01-20 22:00:00,0.000000,0.000000,10.600501,0.595826,599,0.000000,27.800000,9.000000,11.600000,37.293823,37.858940,9.000000
2022-01-20 22:10:00,0.000000,0.000000,10.599165,0.165442,599,0.000000,27.800000,9.000000,11.600000,57.519199,37.858940,9.000000
2022-01-20 22:20:00,0.000000,0.000000,10.380134,0.178464,599,0.000000,27.800000,9.000000,11.600000,8.450751,37.858940,9.000000
2022-01-20 22:30:00,0.000000,0.000000,9.823539,0.258264,599,0.000000,27.800000,9.000000,11.600000,44.227045,37.858940,9.000000
2022-01-20 22:40:00,0.000000,0.000000,9.700000,0.692154,599,0.000000,27.800000,9.000000,8.579299,58.944908,37.858940,9.000000
2022-01-20 22:50:00,0.000000,0.000000,9.699167,0.439167,600,0.000000,27.800000,9.000000,0.814000,55.250000,37.858940,9.000000
2022-01-22 23:00:00,0.000000,0.000000,5.192140,0.015050,598,0.000000,27.800000,9.000000,0.900000,-76.847826,38.191855,9.000000
2022-01-22 23:10:00,0.000000,0.000000,5.103350,0.000000,597,0.000000,27.800000,9.000000,0.900000,-37.033501,38.191855,9.000000
2022-01-22 23:20:00,0.000000,0.000000,5.099164,0.344147,598,0.000000,27.800000,9.000000,0.900000,-59.530100,38.191855,9.000000
2022-01-22 23:30:00,0.000000,0.000000,5.088982,0.224875,599,0.000000,27.800000,9.000000,0.900000,-71.943239,38.191855,9.000000
2022-01-22 23:40:00,0.000000,0.000000,5.094975,0.109045,597,0.000000,27.800000,9.000000,0.900000,-68.425461,38.191855,9.000000
2022-01-22 23:50:00,0.000000,0.000000,5.057763,0.049583,599,0.000000,27.800000,9.000000,0.900000,-48.257095,38.191855,9.000000
2022-01-23 00:00:00,0.000000,0.000000,5.000501,0.057596,599,0.000000,27.800000,9.000000,0.900000,-58.659432,38.191855,9.000000
2022-01-23 00:10:00,0.000000,0.000000,4.834224,0.102504,599,0.000000,27.800000,9.000000,0.900000,-68.303840,38.191855,9.000000
2022-01-23 00:20:00,0.000000,0.000000,4.552676,0.035117,598,0.000000,27.800000,9.000000,0.900000,-64.478261,38.191855,9.000000
2022-01-23 00:30:00,0.000000,0.000000,4.267279,0.030050,599,0.000000,27.800000,9.000000,0.900000,-142.008347,38.191855,9.000000
2022-01-23 00:40:00,0.000000,0.000000,4.162270,0.000000,599,0.000000,27.800000,9.000000,0.900000,-81.190317,38.191855,9.000000
2022-01-23 00:50:00,0.000000,0.000000,4.117500,0.015000,600,0.000000,27.800333,9.000000,0.900000,157.216667,38.191855,9.000000
2022-01-23 01:00:00,0.000000,0.000000,4.108347,0.000000,599,0.000000,27.800000,9.000000,0.900000,121.275459,38.191855,9.000000
2022-01-23 01:10:00,0.000000,0.000000,4.101672,0.014047,598,0.000000,27.800000,9.000000,0.900000,53.130435,38.191855,9.000000
2022-01-23 01:20:00,0.000000,0.000000,4.100000,0.258598,599,0.000000,27.800167,9.000000,0.900000,31.036728,38.191855,9.000000
2022-01-23 01:30:00,0.000000,0.000000,4.100000,0.206678,599,0.000000,27.800000,9.000000,0.900000,-125.290484,38.191855,9.000000
2022-01-23 01:40:00,0.000000,0.000000,4.098331,0.101169,599,0.000000,27.800000,9.000000,0.900000,-108.170284,38.191855,9.000000
2022-01-23 01:50:00,0.000000,0.000000,4.083973,0.055092,599,0.000000,27.800000,9.000000,0.900000,-78.771285,38.191855,9.000000
2022-01-23 02:00:00,0.000000,0.000000,3.964775,0.092821,599,0.000000,27.800334,9.000000,0.900000,-28.704508,38.191855,9.000000
2022-01-23 02:10:00,0.000000,0.000000,3.662207,0.497157,598,0.000000,27.800000,9.000000,0.900000,-135.110368,38.191855,9.000000
2022-01-23 02:20:00,0.000000,0.000000,3.459432,0.707346,599,0.000000,27.800000,9.000000,0.947412,-128.409015,38.191855,9.000000
2022-01-23 02:30:00,0.000000,0.000000,3.351419,1.333222,599,0.000000,27.800000,9.000000,1.473623,-100.030050,38.191855,9.000000
2022-01-23 02:40:00,11.778965,105.333890,3.530217,1.883139,599,0.049082,27.800000,9.365609,2.189316,-21.851419,29.646923,9.000000
2022-01-23 02:50:00,24.862207,297.339465,4.832441,1.239632,598,0.083177,27.800836,10.000000,2.200000,-16.500000,14.034000,10.000000
2022-01-23 03:00:00,26.282107,314.725753,5.940468,1.244816,598,0.135936,27.800334,10.000000,2.200000,8.429766,14.034000,10.000000
2022-01-23 03:10:00,26.894816,322.038462,6.987291,1.280602,598,0.174816,27.800000,10.000000,2.200000,6.571906,14.034000,10.000000
2022-01-23 03:20:00,28.648247,343.048414,8.023205,1.412187,599,0.279199,27.800167,10.000000,2.200000,13.005008,14.034000,10.000000
2022-01-23 03:30:00,26.449498,316.891304,9.153344,1.247993,598,0.182241,27.800000,10.000000,2.200000,-5.438127,14.034000,10.000000
2022-01-23 03:40:00,27.042404,323.789649,10.408681,1.248581,599,0.180467,27.800000,10.000000,2.200000,-4.841402,14.034000,10.000000
2022-01-23 03:50:00,27.037062,323.699499,11.443907,1.246745,599,0.179215,27.800000,10.000000,2.200000,-1.612688,14.034000,10.000000
2022-01-23 04:00:00,24.706177,295.572621,11.933222,1.098664,599,0.071119,27.800000,10.000000,2.200000,2.786311,14.034000,10.000000
2022-01-23 04:10:00,22.234891,266.050083,12.341068,0.953422,599,0.005042,27.800000,10.000000,2.200000,8.237062,14.034000,10.000000
2022-01-23 04:20:00,16.020200,191.191987,12.405008,0.649917,599,-0.088080,27.800000,10.000000,2.200000,13.974958,14.034000,10.000000
2022-01-23 04:30:00,0.786978,6.198664,12.176294,1.063272,599,-0.002220,27.800000,9.016694,2.200000,22.609349,37.240311,9.000000
2022-01-23 04:40:00,0.000000,0.000000,11.208180,1.594658,599,0.000000,27.800000,9.000000,2.200000,11.490818,37.858940,9.000000
2022-01-23 04:50:00,3.615025,6.240401,10.571452,1.748247,599,-0.001937,27.800000,9.056761,2.253255,-19.641068,36.791791,9.000000
2022-01-23 05:00:00,21.500668,256.843072,10.577796,1.199499,599,-0.004808,27.800000,10.000000,2.300000,-20.949917,14.034000,10.000000
2022-01-23 05:10:00,20.183973,241.233723,10.716361,0.900668,599,-0.031753,27.800000,10.000000,2.300000,14.223706,14.034000,10.000000
2022-01-23 05:20:00,20.607179,246.449082,11.124541,0.888648,599,-0.026444,27.800000,10.000000,2.300000,7.590985,14.034000,10.000000
2022-01-23 05:30:00,22.787312,272.505843,11.465776,1.036060,599,0.020167,27.800000,10.000000,2.300000,15.787980,14.034000,10.000000
2022-01-23 05:40:00,31.313356,374.888147,12.090651,1.564775,599,0.477195,27.800000,10.000000,2.300000,-1.884808,14.034000,10.000000
2022-01-23 05:50:00,34.238898,410.100167,13.129883,1.809850,599,0.715643,27.800000,10.000000,2.300000,6.075125,14.034000,10.000000
2022-01-23 06:00:00,32.092821,384.514190,13.493155,1.674791,599,0.532053,27.800000,10.000000,2.300000,9.846411,14.034000,10.000000
2022-01-23 06:10:00,25.832554,309.495826,13.472120,1.192154,599,0.158197,27.800000,10.000000,2.300000,11.035058,14.034000,10.000000
2022-01-23 06:20:00,13.289816,153.777963,13.341235,0.587980,599,-0.085576,27.800000,9.816361,2.300000,12.398998,18.186934,10.000000
2022-01-23 06:30:00,0.000000,0.000000,13.301836,0.739733,599,0.000000,27.800000,9.000000,2.300000,21.928214,37.858940,9.000000
2022-01-23 06:40:00,0.075626,0.000000,12.923539,1.576628,599,0.000000,27.800000,9.000000,2.300000,31.472454,37.858940,9.000000
2022-01-23 06:50:00,8.998331,12.212020,12.439399,1.635058,599,-0.007796,27.800000,9.095159,2.398664,9.176962,35.683637,9.000000
2022-01-23 07:00:00,6.746077,0.000000,12.380134,1.233723,599,0.000000,27.800000,9.000000,2.400000,14.921536,37.858940,9.000000
2022-01-23 07:10:00,0.050083,0.000000,12.462437,0.363606,599,0.000000,27.800000,9.000000,2.400000,-8.964942,37.858940,9.000000
2022-01-23 07:20:00,0.000000,0.000000,12.511686,0.040067,599,0.000000,27.800000,9.000000,2.400000,-21.861436,37.858940,9.000000
2022-01-23 07:30:00,0.000000,0.000000,12.407679,0.643573,599,0.000000,27.800000,9.000000,2.400000,-21.769616,37.858940,9.000000
2022-01-23 07:40:00,0.000000,0.000000,12.394825,0.795659,599,0.000000,27.800000,9.000000,2.400000,1.844741,37.858940,9.000000
2022-01-23 07:50:00,0.000000,0.000000,12.398331,0.072621,599,0.000000,27.800000,9.000000,2.400000,49.141903,37.858940,9.000000
2022-01-23 08:00:00,0.003673,0.000000,12.401669,1.343406,599,0.000000,27.800000,9.000000,2.400000,-32.357262,37.858940,9.000000
2022-01-23 08:10:00,3.410851,0.000000,11.947412,1.820701,599,0.000000,27.800000,9.000000,2.656928,-34.562604,37.858940,9.000000
2022-01-23 08:20:00,28.138230,326.509182,12.389482,1.851920,599,0.350334,27.800000,9.946578,3.190484,-21.727880,15.604878,10.000000
2022-01-23 08:30:00,25.736227,307.851419,13.121536,1.252254,599,0.135259,27.800000,10.000000,3.200000,2.190317,14.034000,10.000000
2022-01-23 08:40:00,32.900000,394.073579,13.857191,1.837124,598,0.614415,27.800000,10.000000,3.200000,-3.541806,14.034000,10.000000
2022-01-23 08:50:00,29.504992,353.379368,14.288519,1.484027,601,0.327887,27.800000,10.000000,3.200000,-8.579035,14.034000,10.000000
2022-01-23 09:00:00,28.710017,343.851419,14.739065,1.434057,599,0.294992,27.800000,10.000000,3.200000,-8.682805,14.034000,10.000000
2022-01-23 09:10:00,27.481469,329.220367,15.133890,1.364274,599,0.208531,27.800000,10.000000,3.200000,-5.599332,14.034000,10.000000
2022-01-23 09:20:00,25.989316,311.449082,14.575459,1.229716,599,0.137412,27.800000,10.000000,3.200000,-6.859766,14.034000,10.000000
2022-01-23 09:30:00,32.098998,384.303840,14.419032,1.699666,599,0.533389,27.800000,10.000000,3.200000,-10.858097,14.034000,10.000000
2022-01-23 09:40:00,31.106344,372.869783,15.567279,1.614858,599,0.449265,27.800000,10.000000,3.200000,-10.664441,14.034000,10.000000
2022-01-23 09:50:00,32.607513,390.863105,15.194157,1.721536,599,0.574658,27.800000,10.000000,3.200000,-4.993322,14.034000,10.000000
2022-01-23 10:00:00,29.609182,354.614357,15.108180,1.561770,599,0.355993,27.800000,10.000000,3.200000,3.689482,14.034000,10.000000
2022-01-23 10:10:00,32.331886,387.390651,15.747245,1.752421,599,0.562120,27.800000,10.000000,3.200000,1.218698,14.034000,10.000000
2022-01-23 10:20:00,31.296828,375.205342,16.683973,1.671953,599,0.472871,27.800000,10.000000,3.200000,3.387312,14.034000,10.000000
2022-01-23 10:30:00,29.779800,356.859766,16.950417,1.702170,599,0.363589,27.800000,10.000000,3.200000,-0.941569,14.034000,10.000000
2022-01-23 10:40:00,24.668114,295.273790,17.408514,1.410184,599,0.097095,27.800000,10.000000,3.200000,-9.949917,14.034000,10.000000
2022-01-23 10:50:00,34.222371,409.539232,18.449583,2.251753,599,0.782621,27.800000,10.000000,3.200000,-13.981636,14.034000,10.000000
2022-01-23 11:00:00,37.723038,451.769616,19.941903,2.309182,599,1.101987,27.800000,10.000000,3.279132,-10.337229,14.034000,10.000000
2022-01-23 11:10:00,32.987646,395.233723,20.384808,1.988648,599,0.687646,27.800000,10.000000,3.500000,-0.512521,14.034000,10.000000
2022-01-23 11:20:00,30.958932,370.367279,19.612187,1.804841,599,0.469115,27.800000,10.000000,3.509349,4.455760,14.034000,10.000000
2022-01-23 11:30:00,39.860100,477.292154,20.488648,2.494992,599,1.387529,27.800000,10.000000,3.900000,-14.342237,14.034000,10.000000
2022-01-23 11:40:00,37.783639,452.459098,21.540735,2.209683,599,1.104808,27.800000,10.000000,3.900000,-3.507513,14.034000,10.000000
2022-01-23 11:50:00,42.302843,506.018395,21.881773,2.559699,598,1.714783,27.800000,10.000000,3.900000,3.232441,14.034000,10.000000
2022-01-23 12:00:00,45.300835,541.829716,24.100167,2.782471,599,2.183339,27.800000,10.000000,3.900000,2.539232,14.034000,10.000000
2022-01-23 12:10:00,42.702003,510.871452,24.334057,2.705843,599,1.722621,27.800000,10.000000,3.900000,-2.093489,14.034000,10.000000
2022-01-23 12:20:00,48.198331,576.028381,25.955760,3.005342,599,2.571519,27.800000,10.000000,3.900000,-1.761269,14.034000,10.000000
2022-01-23 12:30:00,45.811352,548.043406,26.189983,2.786477,599,2.184524,27.800000,10.000000,3.900000,-8.677796,14.034000,10.000000
2022-01-23 12:40:00,44.594983,533.259197,26.269900,2.838963,598,2.040000,27.800000,10.000000,3.900000,-3.428094,14.034000,10.000000
2022-01-23 12:50:00,55.453923,661.275459,29.288481,4.100835,599,4.371803,27.800000,10.000000,5.595159,1.212020,15.782898,10.000000
2022-01-23 13:00:00,60.094992,716.335559,37.282137,4.331219,599,5.341269,27.800000,10.000000,8.200000,-0.712855,14.878108,10.000000
2022-01-23 13:10:00,57.291820,682.512521,39.242070,4.166277,599,4.562538,27.800000,10.000000,8.200000,-11.774624,14.899085,10.000000
2022-01-23 13:20:00,61.205853,729.856187,41.996990,4.377759,598,5.661204,27.800000,10.000000,8.200000,-8.806020,15.059801,10.000000
2022-01-23 13:30:00,57.158097,681.105175,42.112688,3.992321,599,4.572538,27.800000,10.000000,8.200000,4.769616,14.461524,10.000000
2022-01-23 13:40:00,58.789816,700.782972,43.422538,4.281302,599,5.079783,27.800000,10.000000,8.200000,-7.200334,15.299472,10.000000
2022-01-23 13:50:00,55.078798,657.123539,43.436728,3.682972,599,4.042738,27.800000,10.000000,8.200000,-3.200334,14.054324,10.000000
2022-01-23 14:00:00,53.856689,642.829431,40.436789,4.159030,598,4.075084,27.800000,10.000000,8.200000,-9.595318,16.032378,10.000000
2022-01-23 14:10:00,57.632053,686.171953,43.290818,4.038731,599,4.650902,27.800000,10.000000,8.200000,-1.036728,14.465673,10.000000
2022-01-23 14:20:00,64.773456,771.173623,47.713189,5.325042,599,6.505426,27.800000,10.000000,8.200000,-15.856427,17.582425,10.000000
2022-01-23 14:30:00,57.922742,691.167224,49.379933,4.210535,598,4.828712,27.800000,10.000000,8.200000,-2.727425,15.258249,10.000000
2022-01-23 14:40:00,58.730885,699.861436,45.555092,4.045242,599,4.929716,27.800000,10.000000,8.200000,-1.854758,14.694893,10.000000
2022-01-23 14:50:00,60.521906,721.152174,48.938127,4.167224,598,5.334849,27.800000,10.000000,8.200000,-4.145485,14.580299,10.000000
2022-01-23 15:00:00,62.615192,745.070117,50.133055,4.730050,599,5.909616,27.800000,10.000000,8.200000,-12.155259,16.312477,10.000000
2022-01-23 15:10:00,61.472074,732.018395,52.517726,4.411204,598,5.651823,27.800000,10.000000,8.200000,2.172241,15.641271,10.000000
2022-01-23 15:20:00,58.543740,698.060100,50.461102,4.043740,599,4.940417,27.800000,10.000000,8.200000,-6.974958,15.115514,10.000000
2022-01-23 15:30:00,58.138063,693.307179,47.322538,3.808013,599,4.738715,27.800000,10.000000,8.200000,-10.779633,14.146917,10.000000
2022-01-23 15:40:00,48.815192,583.724541,45.041068,3.002504,599,2.701836,27.800000,10.000000,8.200000,-6.734558,14.034000,10.000000
2022-01-23 15:50:00,43.855426,524.934891,38.923038,2.623539,599,1.849499,27.800000,10.000000,8.200000,-1.943239,14.034000,10.000000
2022-01-23 16:00:00,40.645819,486.531773,35.892475,2.443645,598,1.416087,27.800000,10.000000,8.200000,4.528428,14.034000,10.000000
2022-01-23 16:10:00,40.045667,479.588333,33.331167,2.339500,600,1.319650,27.800000,10.000000,8.200000,1.825000,14.034000,10.000000
2022-01-23 16:20:00,40.340134,483.103679,32.094983,2.329097,598,1.359097,27.800000,10.000000,8.200000,-1.130435,14.034000,10.000000
2022-01-23 16:30:00,37.171953,444.988314,30.321202,2.075459,599,0.982254,27.800000,10.000000,8.200000,-1.519199,14.034000,10.000000
2022-01-23 16:40:00,37.996990,454.697324,29.130435,2.165886,598,1.080251,27.800000,10.000000,8.200000,-12.617057,14.034000,10.000000
2022-01-23 16:50:00,42.945910,514.165275,29.201169,2.580467,599,1.700134,27.800000,10.000000,8.200000,-14.893155,14.034000,10.000000
2022-01-23 17:00:00,45.571953,545.190317,29.748581,2.739733,599,2.100033,27.800000,10.000000,8.200000,-12.704508,14.034000,10.000000
2022-01-23 17:10:00,43.198829,517.259197,28.868562,2.537291,598,1.743980,27.800000,10.000000,8.200000,-12.872910,14.034000,10.000000
2022-01-23 17:20:00,44.421703,531.395659,28.529716,2.611185,599,1.917830,27.800000,10.000000,8.200000,-10.991653,14.034000,10.000000
2022-01-23 17:30:00,45.500000,544.430718,28.562270,2.668781,599,2.088982,27.800000,10.000000,8.200000,-9.400668,14.034000,10.000000
2022-01-23 17:40:00,44.323038,530.325543,28.252254,2.613523,599,1.915559,27.800000,10.000000,8.200000,-11.250417,14.034000,10.000000
2022-01-23 17:50:00,44.944314,537.536789,27.887960,2.694482,598,2.006388,27.800000,10.000000,8.200000,-14.217391,14.034000,10.000000
2022-01-23 18:00:00,40.816000,488.985000,27.412167,2.340000,600,1.436067,27.800000,10.000000,8.200000,-10.500000,14.034000,10.000000
2022-01-23 18:10:00,37.049498,443.760870,25.901672,2.044147,598,0.980585,27.800000,10.000000,8.200000,-5.332776,14.034000,10.000000
2022-01-23 18:20:00,35.341736,423.460768,24.969950,1.921369,599,0.802988,27.800000,10.000000,8.200000,-6.953255,14.034000,10.000000
2022-01-23 18:30:00,37.706678,451.943239,24.631386,2.119866,599,1.064741,27.800000,10.000000,8.200000,-10.161937,14.034000,10.000000
2022-01-23 18:40:00,38.630769,462.379599,24.564548,2.227759,598,1.182425,27.800000,10.000000,8.200000,-11.418060,14.034000,10.000000
2022-01-23 18:50:00,36.680467,439.343907,24.014357,2.054090,599,0.958297,27.800000,10.000000,8.200000,-10.671119,14.034000,10.000000
2022-01-23 19:00:00,39.199666,469.153589,24.051252,2.301169,599,1.231736,27.800000,10.000000,8.200000,-16.071786,14.034000,10.000000
2022-01-23 19:10:00,37.199165,445.651085,23.750250,2.164942,599,1.007746,27.800000,10.000000,8.200000,-17.312187,14.034000,10.000000
2022-01-23 19:20:00,38.090150,456.292154,23.315526,2.161770,599,1.110217,27.800000,10.000000,8.200000,-10.652755,14.034000,10.000000
2022-01-23 19:30:00,35.161269,421.090150,22.594992,1.918531,599,0.796861,27.800000,10.000000,8.200000,-8.864775,14.034000,10.000000
2022-01-23 19:40:00,39.581773,473.561873,22.804849,2.298997,598,1.279532,27.800000,10.000000,8.200000,-13.277592,14.034000,10.000000
2022-01-23 19:50:00,41.960601,502.415693,23.508848,2.441736,599,1.586761,27.800000,10.000000,8.200000,-12.360601,14.034000,10.000000
2022-01-23 20:00:00,42.801002,512.166945,23.608848,2.511352,599,1.696661,27.800000,10.000000,8.200000,-13.474124,14.034000,10.000000
2022-01-23 20:10:00,43.325710,518.657763,24.120868,2.513523,599,1.778397,27.800000,10.000000,8.200000,-9.886477,14.034000,10.000000
2022-01-23 20:20:00,41.621035,498.195326,23.967780,2.427212,599,1.536144,27.800000,10.000000,8.200000,-13.328881,14.034000,10.000000
2022-01-23 20:30:00,43.028381,514.961603,23.735392,2.590484,599,1.748648,27.800000,10.000000,8.200000,-15.931553,14.034000,10.000000
2022-01-23 20:40:00,43.790484,523.971619,24.402504,2.646912,599,1.842037,27.800000,10.000000,8.200000,-15.936561,14.034000,10.000000
2022-01-23 20:50:00,43.708848,523.355593,24.664441,2.612020,599,1.844992,27.800000,10.000000,8.200000,-14.439065,14.034000,10.000000
2022-01-23 21:00:00,42.055927,503.444073,24.125042,2.519866,599,1.609349,27.800000,10.000000,8.200000,-16.173623,14.034000,10.000000
2022-01-23 21:10:00,43.838564,524.435726,24.353422,2.610184,599,1.851486,27.800000,10.000000,8.200000,-14.652755,14.034000,10.000000
2022-01-23 21:20:00,42.488147,508.804674,24.451419,2.539900,599,1.670718,27.800000,10.000000,8.200000,-16.595993,14.034000,10.000000
2022-01-23 21:30:00,37.081302,444.202003,23.157429,2.184641,599,0.993055,27.800000,10.000000,8.200000,-19.330551,14.034000,10.000000
2022-01-23 21:40:00,35.878595,429.667224,22.340468,2.117893,598,0.871070,27.800000,10.000000,8.200000,-19.993311,14.034000,10.000000
2022-01-23 21:50:00,35.625876,426.799666,21.737896,2.078965,599,0.842871,27.800000,10.000000,8.200000,-19.954925,14.034000,10.000000
2022-01-23 22:00:00,33.823372,405.459098,21.271619,1.914023,599,0.668013,27.800000,10.000000,8.200000,-19.851419,14.034000,10.000000
2022-01-23 22:10:00,31.680634,379.602671,20.609850,1.713022,599,0.485058,27.800000,10.000000,8.200000,-14.312187,14.034000,10.000000
2022-01-23 22:20:00,35.223205,421.928214,20.522037,1.874624,599,0.808815,27.800000,10.000000,8.200000,-2.100167,14.034000,10.000000
2022-01-23 22:30:00,35.494658,425.115192,20.564274,1.898664,599,0.841169,27.800000,10.000000,8.200000,-4.742905,14.034000,10.000000
2022-01-23 22:40:00,34.594147,414.523411,20.082441,1.814716,598,0.748177,27.800000,10.000000,6.479097,-1.722408,14.034000,10.000000
2022-01-23 22:50:00,33.157763,397.567613,19.716194,1.717195,599,0.615392,27.800000,10.000000,2.256928,-3.806344,14.034000,10.000000
2022-01-23 23:00:00,31.702680,379.891122,19.488777,1.619263,597,0.496884,27.800000,10.000000,2.300000,-6.343384,14.034000,10.000000
2022-01-23 23:10:00,31.165109,373.432387,18.870117,1.555092,599,0.452421,27.800000,10.000000,2.300000,-2.275459,14.034000,10.000000
2022-01-23 23:20:00,31.436895,376.873122,18.873623,1.571953,599,0.475860,27.800000,10.000000,2.300000,-5.475793,14.034000,10.000000
2022-01-23 23:30:00,30.760935,368.564274,18.719366,1.545075,599,0.415910,27.800000,10.000000,2.300000,-0.505843,14.034000,10.000000
2022-01-23 23:40:00,32.460768,389.145242,18.758431,1.701169,599,0.551302,27.800000,10.000000,2.300000,6.397329,14.034000,10.000000
2022-01-23 23:50:00,31.722538,380.202003,18.688815,1.634224,599,0.491786,27.800000,10.000000,2.300000,8.699499,14.034000,10.000000
2022-01-24 00:00:00,32.693823,391.861436,18.703673,1.746411,599,0.569182,27.800000,10.000000,2.300000,-17.383973,14.034000,10.000000
2022-01-24 00:10:00,27.482107,329.627090,18.206689,1.504849,598,0.225268,27.800000,10.000000,2.300000,-24.394649,14.034000,10.000000
2022-01-24 00:20:00,27.005000,323.576667,17.886667,1.473167,600,0.177100,27.800000,10.000000,2.300000,-21.236667,14.034000,10.000000
2022-01-24 00:30:00,24.439465,293.031773,17.833445,1.256689,598,0.088478,27.800000,10.000000,2.300000,-19.188963,14.034000,10.000000
2022-01-24 00:40:00,25.026210,299.794658,17.763940,1.265275,599,0.097112,27.800000,10.000000,2.300000,-18.285476,14.034000,10.000000
2022-01-24 00:50:00,23.211185,275.043406,17.751085,1.289983,599,0.077880,27.800000,9.909850,2.300000,-21.215359,15.964659,10.000000
2022-01-24 01:00:00,1.305184,0.000000,17.058696,0.855518,598,0.000000,27.800000,9.000000,2.300000,-1.657191,37.858940,9.000000
2022-01-24 01:10:00,0.000000,0.000000,17.067500,0.904167,600,0.000000,27.800000,9.000000,2.300000,-6.793333,37.858940,9.000000
2022-01-24 01:20:00,0.000000,0.000000,16.983472,1.091486,599,0.000000,27.800000,9.000000,2.300000,-8.158598,37.858940,9.000000
2022-01-24 01:30:00,9.118865,55.776294,16.355927,1.386978,599,0.006177,27.800000,9.228715,2.382805,3.828047,32.715685,9.000000
2022-01-24 01:40:00,20.965217,243.543478,16.250167,1.015719,598,0.010569,27.800000,9.886288,2.400000,-10.525084,16.537754,10.000000
2022-01-24 01:50:00,7.525209,0.000000,15.809015,1.335225,599,0.000000,27.800000,9.000000,2.400000,1.063439,37.858940,9.000000
2022-01-24 02:00:00,6.576628,0.000000,15.191486,1.217028,599,0.000000,27.800000,9.000000,2.400000,-4.455760,37.858940,9.000000
2022-01-24 02:10:00,6.534891,0.000000,15.094992,1.234725,599,0.000000,27.800000,9.000000,2.400000,-2.045075,37.858940,9.000000
2022-01-24 02:20:00,7.231773,0.000000,14.376756,1.351505,598,0.000000,27.800000,9.000000,2.400000,9.416388,37.858940,9.000000
2022-01-24 02:30:00,3.667613,0.000000,14.245242,1.171285,599,0.000000,27.800000,9.000000,2.400000,16.323873,37.858940,9.000000
2022-01-24 02:40:00,0.000000,0.000000,13.894825,0.866945,599,0.000000,27.800000,9.000000,2.400000,4.031720,37.858940,9.000000
2022-01-24 02:50:00,0.000000,0.000000,13.315526,0.533723,599,0.000000,27.800000,9.000000,2.400000,-0.474124,37.858940,9.000000
2022-01-24 03:00:00,0.000000,0.000000,12.631438,0.851003,598,0.000000,27.800000,9.000000,2.400000,21.423077,37.858940,9.000000
2022-01-24 03:10:00,0.000000,0.000000,12.404167,1.398000,600,0.000000,27.800000,9.000000,2.400000,34.111667,37.858940,9.000000
2022-01-24 03:20:00,0.000000,0.000000,12.196488,1.794983,598,0.000000,27.800000,9.000000,2.400000,37.143813,37.858940,9.000000
2022-01-24 03:30:00,0.000000,0.000000,11.533890,1.512688,599,0.000000,27.800000,9.000000,2.400000,-31.899833,37.858940,9.000000
2022-01-24 03:40:00,3.775960,0.000000,11.463940,1.462938,599,0.000000,27.800000,9.000000,3.267446,-19.141903,37.858940,9.000000
2022-01-24 03:50:00,0.000000,0.000000,10.872454,1.234558,599,0.000000,27.800000,9.000000,3.700000,-11.065109,37.858940,9.000000
2022-01-24 04:00:00,0.000000,0.000000,10.606678,0.727880,599,0.000000,27.800000,9.000000,3.700000,-37.686144,37.858940,9.000000
2022-01-24 04:10:00,0.000000,0.000000,10.600000,0.451171,598,0.000000,27.800000,9.000000,3.700000,-5.663880,37.858940,9.000000
2022-01-24 04:20:00,0.000000,0.000000,10.584667,0.747000,600,0.000000,27.800000,9.000000,3.700000,34.548333,37.858940,9.000000
2022-01-24 04:30:00,0.000000,0.000000,10.216555,0.635953,598,0.000000,27.800000,9.000000,3.700000,13.566890,37.858940,9.000000
2022-01-24 04:40:00,0.940401,0.000000,9.742070,0.903172,599,0.000000,27.800000,9.000000,3.700000,15.275459,37.858940,9.000000
2022-01-24 04:50:00,0.000000,0.000000,9.699165,0.226210,599,0.000000,27.800000,9.000000,3.700000,-24.100167,37.858940,9.000000
2022-01-24 05:00:00,0.000000,0.000000,9.700000,0.755259,599,0.000000,27.800000,9.000000,3.700000,-37.228715,37.858940,9.000000
2022-01-24 05:10:00,0.000000,0.000000,9.657358,0.000000,598,0.000000,27.800000,9.000000,3.700000,3.413043,37.858940,9.000000
2022-01-24 05:20:00,0.000000,0.000000,9.655017,0.230100,598,0.000000,27.800000,9.000000,3.700000,-96.449833,37.858940,9.000000
2022-01-24 05:30:00,0.000000,0.000000,9.611352,0.142070,599,0.000000,27.800000,9.000000,3.700000,-40.677796,37.858940,9.000000
2022-01-24 05:40:00,0.000000,0.000000,9.268447,0.000000,599,0.000000,27.800000,9.000000,3.700000,-12.328881,37.858940,9.000000
2022-01-24 05:50:00,0.000000,0.000000,8.962771,0.015025,599,0.000000,27.800000,9.000000,3.700000,-22.899833,37.858940,9.000000
2022-01-24 06:00:00,0.000000,0.000000,8.884808,0.929215,599,0.000000,27.800000,9.000000,3.700000,72.010017,37.859496,9.000000
2022-01-24 06:10:00,0.000000,0.000000,8.800835,1.034891,599,0.000000,27.800000,9.000000,3.700000,-23.544240,37.858940,9.000000
2022-01-24 06:20:00,0.000000,0.000000,8.797496,0.105843,599,0.000000,27.800000,9.000000,3.700000,-79.674457,37.858940,9.000000
2022-01-24 06:30:00,0.000000,0.000000,8.789983,0.145910,599,0.000000,27.800000,9.000000,3.700000,-99.893155,37.858940,9.000000
2022-01-24 06:40:00,0.000000,0.000000,8.789149,0.035058,599,0.000000,27.800000,9.000000,3.700000,-73.165275,37.858940,9.000000
2022-01-24 06:50:00,0.000000,0.000000,8.711352,0.669950,599,0.000000,27.800000,9.000000,3.700000,-117.848080,37.858940,9.000000
2022-01-24 07:00:00,0.000000,0.000000,8.507012,0.607346,599,0.000000,27.800000,9.000000,3.700000,-115.323873,37.858940,9.000000
2022-01-24 07:10:00,0.000000,0.000000,8.161204,0.181773,598,0.000000,27.800000,9.000000,3.700000,-64.518395,37.858940,9.000000
2022-01-24 07:20:00,0.000000,0.000000,7.928047,0.202170,599,0.000000,27.800000,9.000000,3.700000,-110.288815,37.858940,9.000000
2022-01-24 07:30:00,0.000000,0.000000,7.890651,0.910518,599,0.000000,27.800000,9.000000,3.700000,-64.130217,37.858940,9.000000
2022-01-24 07:40:00,0.321536,0.000000,7.865275,1.157763,599,0.000000,27.800000,9.000000,3.700000,-50.123539,37.859496,9.000000
2022-01-24 07:50:00,0.000000,0.000000,7.859933,0.508681,599,0.000000,27.800000,9.000000,3.700000,-46.844741,37.858940,9.000000
2022-01-24 08:00:00,0.000000,0.000000,7.845910,0.803840,599,0.000000,27.800000,9.000000,3.700000,-43.100167,37.859496,9.000000
2022-01-24 08:10:00,0.000000,0.000000,7.830384,1.066277,599,0.000000,27.800000,9.000000,3.700000,-40.747913,37.858940,9.000000
2022-01-24 08:20:00,8.200835,60.390651,7.768614,1.942571,599,0.043589,27.800000,9.205342,3.700000,-32.629382,33.290626,9.000000
2022-01-24 08:30:00,33.457429,400.636060,8.814691,1.815526,599,0.673840,27.800000,10.000000,3.700000,-6.025042,14.034000,10.000000
2022-01-24 08:40:00,31.619533,378.869783,10.345075,1.680801,599,0.496978,27.800000,10.000000,3.700000,-7.492487,14.034000,10.000000
2022-01-24 08:50:00,28.282638,338.736227,10.803005,1.503005,599,0.264090,27.800000,10.000000,3.700000,-16.217028,14.034000,10.000000
2022-01-24 09:00:00,28.322575,339.329431,11.744649,1.621572,598,0.313562,27.800000,10.000000,3.700000,-11.413043,14.034000,10.000000
2022-01-24 09:10:00,30.878297,370.190317,12.528548,1.679633,599,0.485058,27.800000,10.000000,3.700000,-7.671119,14.034000,10.000000
2022-01-24 09:20:00,29.763105,356.166945,12.946244,1.510684,599,0.388564,27.800000,10.000000,3.700000,-0.582638,14.034000,10.000000
2022-01-24 09:30:00,31.985977,383.175292,13.951419,1.716361,599,0.524140,27.800000,10.000000,3.700000,8.215359,14.034000,10.000000
2022-01-24 09:40:00,31.117529,372.903172,14.301503,1.622538,599,0.474240,27.800000,10.000000,3.700000,5.036728,14.034000,10.000000
2022-01-24 09:50:00,25.360434,304.008347,14.743239,1.318865,599,0.222371,27.800000,10.000000,3.700000,3.884808,14.034000,10.000000
2022-01-24 10:00:00,27.086477,324.649416,14.978965,1.434391,599,0.251569,27.800000,10.000000,3.700000,4.420701,14.034000,10.000000
2022-01-24 10:10:00,27.572788,329.609349,15.325710,1.654925,599,0.327780,27.800000,10.000000,3.700000,-22.943239,14.034000,10.000000
2022-01-24 10:20:00,20.882972,241.984975,15.728715,1.091987,599,0.204023,27.800000,9.796327,3.700000,5.530885,18.632120,10.000000
2022-01-24 10:30:00,10.263606,58.445743,15.069449,1.722204,599,0.022454,27.800000,9.230384,3.700000,27.238731,32.655125,9.000000
2022-01-24 10:40:00,30.579264,366.010033,15.458194,1.757525,598,0.475702,27.800000,10.000000,3.700000,-16.954849,14.034000,10.000000
2022-01-24 10:50:00,29.206845,349.946578,16.056761,1.653589,599,0.432955,27.800000,10.000000,3.700000,-20.116861,14.034000,10.000000
2022-01-24 11:00:00,27.218865,325.993322,16.013189,1.446077,599,0.255676,27.800000,10.000000,3.700000,-11.393990,14.034000,10.000000
2022-01-24 11:10:00,25.248915,302.701169,16.080301,1.285977,599,0.138347,27.800000,10.000000,3.700000,-13.018364,14.034000,10.000000
2022-01-24 11:20:00,22.375793,267.440735,16.084307,1.282304,599,0.046811,27.800000,10.000000,3.700000,23.611018,14.034000,10.000000
2022-01-24 11:30:00,21.976294,263.317195,16.107846,1.016861,599,0.060434,27.800000,10.000000,3.700000,5.412354,14.034000,10.000000
2022-01-24 11:40:00,22.775292,272.716194,16.091486,1.115693,599,0.049048,27.800000,10.000000,3.700000,8.400668,14.034000,10.000000
2022-01-24 11:50:00,26.175960,313.387312,16.207179,1.391987,599,0.166728,27.800000,10.000000,3.700000,2.819699,14.034000,10.000000
2022-01-24 12:00:00,25.816361,309.736227,16.553589,1.396828,599,0.188932,27.800000,9.963272,3.700000,-12.490818,14.711451,10.000000
2022-01-24 12:10:00,2.166611,0.679466,16.097663,1.317028,599,0.000067,27.800000,9.000000,3.700000,27.694491,38.147392,9.000000
2022-01-24 12:20:00,22.124040,212.777963,15.974290,1.888815,599,0.283506,27.800000,9.580968,3.700000,-10.854758,24.446728,10.000000
2022-01-24 12:30:00,21.220868,230.417362,16.102170,1.507513,599,0.199633,27.800000,9.767947,3.700000,-9.272120,19.644296,10.000000
2022-01-24 12:40:00,28.921739,346.081940,16.482943,1.675585,598,0.448244,27.800000,10.000000,3.700000,-12.486622,14.034000,10.000000
2022-01-24 12:50:00,25.271619,302.994992,16.590484,1.340735,599,0.249382,27.800000,10.000000,3.700000,-0.262104,14.034000,10.000000
2022-01-24 13:00:00,30.875960,369.325543,16.647579,1.860100,599,0.591052,27.800000,10.000000,3.700000,-19.165275,14.034000,10.000000
2022-01-24 13:10:00,37.432554,448.439065,18.139733,2.219199,599,1.125392,27.800000,10.000000,3.700000,12.090150,14.034000,10.000000
2022-01-24 13:20:00,27.893823,334.517529,17.823372,1.523706,599,0.387896,27.800000,10.000000,3.700000,8.110184,14.034000,10.000000
2022-01-24 13:30:00,17.267057,160.790970,16.937458,1.492642,598,0.186555,27.800000,9.481605,3.700000,-4.142140,26.441704,9.000000
2022-01-24 13:40:00,29.591653,354.375626,17.402337,1.744741,599,0.405526,27.800000,10.000000,3.700000,3.220367,14.034000,10.000000
2022-01-24 13:50:00,24.940136,298.649660,17.045408,1.408333,588,0.127262,27.800000,10.000000,3.700000,-16.627551,14.034000,10.000000
2022-01-24 14:00:00,25.127045,300.378965,16.998331,1.445743,599,0.186878,27.800000,10.000000,3.701002,-10.585977,14.034000,10.000000
2022-01-24 14:10:00,40.676962,487.487479,18.707846,2.434224,599,1.499149,27.800000,10.000000,3.800000,-9.641068,14.034000,10.000000
2022-01-24 14:20:00,36.436060,436.096828,19.144240,2.115526,599,0.970250,27.800000,10.000000,3.800000,-14.350584,14.034000,10.000000
2022-01-24 14:30:00,34.260100,410.432387,18.805342,2.042738,599,0.724124,27.800000,10.000000,3.800000,-18.644407,14.034000,10.000000
2022-01-24 14:40:00,39.948915,478.016694,19.452755,2.375626,599,1.389933,27.800000,10.000000,3.800000,11.490818,14.034000,10.000000
2022-01-24 14:50:00,29.354849,351.762542,19.472910,1.597659,598,0.357157,27.800000,10.000000,3.800000,-20.162207,14.034000,10.000000
2022-01-24 15:00:00,36.206177,433.519199,19.147746,2.080134,599,0.926995,27.800000,10.000000,3.800000,-7.529215,14.034000,10.000000
2022-01-24 15:10:00,36.959933,442.781302,19.706344,2.028881,599,0.996711,27.800000,10.000000,3.800000,4.849750,14.034000,10.000000
2022-01-24 15:20:00,35.973913,431.020067,19.702843,1.963880,598,0.900033,27.800000,10.000000,3.800000,2.543478,14.034000,10.000000
2022-01-24 15:30:00,26.122871,313.225376,19.069616,1.219199,599,0.150668,27.800000,10.000000,3.800000,-0.854758,14.034000,10.000000
2022-01-24 15:40:00,28.873456,345.993322,18.760935,1.550417,599,0.386093,27.800000,10.000000,3.800000,-2.337229,14.034000,10.000000
2022-01-24 15:50:00,29.854591,357.747913,18.779633,1.652922,599,0.385993,27.800000,10.000000,3.800000,-18.964942,14.034000,10.000000
2022-01-24 16:00:00,30.118197,360.606010,18.742738,1.665776,599,0.402421,27.800000,10.000000,3.800000,11.065109,14.034000,10.000000
2022-01-24 16:10:00,30.304341,363.213689,18.798831,1.657095,599,0.501235,27.800000,10.000000,3.800000,-10.923205,14.034000,10.000000
2022-01-24 16:20:00,25.924207,310.694491,18.222371,1.374124,599,0.191736,27.800000,10.000000,3.800000,-17.584307,14.034000,10.000000
2022-01-24 16:30:00,26.488314,317.063439,18.007513,1.427713,599,0.190684,27.800000,10.000000,3.800000,-11.138564,14.034000,10.000000
2022-01-24 16:40:00,28.598497,342.312187,17.941235,1.677963,599,0.313806,27.800000,10.000000,3.800000,-21.267112,14.034000,10.000000
2022-01-24 16:50:00,30.659098,367.275459,18.178631,1.675793,599,0.447563,27.800000,10.000000,3.800000,2.691152,14.034000,10.000000
2022-01-24 17:00:00,33.778130,404.659432,18.658932,1.989316,599,0.707012,27.800000,10.000000,3.800000,-18.442404,14.034000,10.000000
2022-01-24 17:10:00,29.931271,358.983278,18.274749,1.596656,598,0.399264,27.800000,10.000000,3.800000,-2.966555,14.034000,10.000000
2022-01-24 17:20:00,26.677796,319.582638,17.901669,1.513022,599,0.208798,27.800000,10.000000,3.800000,-18.762938,14.034000,10.000000
2022-01-24 17:30:00,26.020833,311.505000,17.839833,1.347500,600,0.220183,27.800000,10.000000,3.800000,-5.996667,14.034000,10.000000
2022-01-24 17:40:00,27.994816,335.270903,17.896656,1.584783,598,0.276990,27.800000,10.000000,3.800000,-21.688963,14.034000,10.000000
2022-01-24 17:50:00,28.861436,345.804674,17.875292,1.459432,599,0.320868,27.800000,10.000000,3.800000,-9.916528,14.034000,10.000000
2022-01-24 18:00:00,19.943740,238.772955,17.648080,1.069616,599,0.004407,27.800000,10.000000,3.800000,14.687813,14.034000,10.000000
2022-01-24 18:10:00,26.670785,319.155259,17.476461,1.471452,599,0.266361,27.800000,10.000000,3.800000,2.424040,14.034000,10.000000
2022-01-24 18:20:00,30.898331,370.051753,17.832387,1.790651,599,0.459833,27.800000,10.000000,3.800000,-5.944908,14.034000,10.000000
2022-01-24 18:30:00,21.686144,239.430718,17.293823,1.457095,599,0.128848,27.800000,9.801336,3.800000,-5.712855,18.853542,10.000000
2022-01-24 18:40:00,24.623706,295.452421,17.139399,1.226544,599,0.135776,27.800000,9.981636,3.800000,-1.420701,14.257378,10.000000
2022-01-24 18:50:00,0.952755,2.689482,16.789316,1.109182,599,0.000434,27.800000,9.000000,3.800000,14.323873,37.855040,9.000000
2022-01-24 19:00:00,0.000000,0.000000,16.133556,1.079299,599,0.000000,27.800000,9.000000,3.800000,4.544240,37.858940,9.000000
2022-01-24 19:10:00,6.264775,0.000000,16.045910,1.546912,599,0.000000,27.800000,9.006678,3.800000,-2.796327,37.858940,9.000000
2022-01-24 19:20:00,6.366945,74.145242,15.598831,0.897329,599,-0.039332,27.800000,9.402337,3.800000,21.627713,28.193285,9.000000
2022-01-24 19:30:00,2.083973,0.000000,15.180301,0.895826,599,0.000000,27.800000,9.000000,3.800000,18.071786,37.858940,9.000000
2022-01-24 19:40:00,0.001669,0.000000,14.612855,0.844574,599,0.000000,27.800000,9.000000,3.800000,21.121870,37.858940,9.000000
2022-01-24 19:50:00,0.000000,0.000000,14.290484,0.723372,599,0.000000,27.800000,9.000000,3.800000,-19.570952,37.858940,9.000000
2022-01-24 20:00:00,0.000000,0.000000,13.961937,0.529048,599,0.000000,27.800000,9.000000,3.800000,-41.492487,37.858940,9.000000
2022-01-24 20:10:00,0.000000,0.000000,13.375459,0.680801,599,0.000000,27.800000,9.000000,3.800000,-44.654424,37.858940,9.000000
2022-01-24 20:20:00,2.364107,0.000000,13.320200,1.630551,599,0.000000,27.800000,9.000000,3.800000,-21.273790,37.858940,9.000000
2022-01-24 20:30:00,5.672287,0.000000,12.624875,1.508347,599,0.000000,27.800000,9.000000,3.800000,-25.348915,37.858940,9.000000
2022-01-24 20:40:00,1.971786,0.000000,12.424040,1.586644,599,0.000000,27.800000,9.000000,3.800000,-10.217028,37.860607,9.000000
2022-01-24 20:50:00,26.004341,305.440735,12.706511,1.490985,599,0.188130,27.800000,9.973289,3.800000,-12.218698,14.967699,10.000000
2022-01-24 21:00:00,28.306020,338.784281,13.266722,1.443645,598,0.280970,27.800000,10.000000,3.800000,-9.680602,14.034000,10.000000
2022-01-24 21:10:00,24.558932,294.121870,13.401169,1.197329,599,0.094174,27.800000,10.000000,3.800000,-0.963272,14.034000,10.000000
2022-01-24 21:20:00,23.954591,286.794658,13.727379,1.190818,599,0.085376,27.800000,10.000000,3.800000,1.954925,14.034000,10.000000
2022-01-24 21:30:00,4.269282,41.517529,13.508681,0.780801,599,-0.005893,27.800000,9.146912,3.800000,-0.497496,34.144464,9.000000
2022-01-24 21:40:00,6.275793,37.747913,13.339733,1.666277,599,0.009816,27.800000,9.148581,3.800000,-9.968280,34.823081,9.000000
2022-01-24 21:50:00,26.834224,321.168614,13.550417,1.369282,599,0.178080,27.800000,10.000000,3.800000,-12.534224,14.034000,10.000000
2022-01-24 22:00:00,23.073790,276.402337,13.889482,1.183139,599,0.062037,27.800000,10.000000,3.800000,-21.794658,14.034000,10.000000
2022-01-24 22:10:00,22.776254,272.725753,14.102174,1.102843,598,0.028478,27.800000,10.000000,3.800000,-12.342809,14.034000,10.000000
2022-01-24 22:20:00,19.698500,235.543333,14.228333,0.882833,600,-0.043900,27.800000,10.000000,3.800000,16.340000,14.034000,10.000000
2022-01-24 22:30:00,16.484448,192.476589,14.270903,0.767559,598,-0.061455,27.800000,9.881271,3.800000,-7.058528,16.645768,10.000000
2022-01-24 22:40:00,0.401002,0.000000,14.130718,0.988815,599,0.000000,27.800000,9.000000,3.050918,-10.186978,37.858940,9.000000
2022-01-24 22:50:00,0.091820,0.000000,13.491820,1.145910,599,0.000000,27.800000,9.000000,2.031886,-30.564274,37.858940,9.000000
2022-01-24 23:00:00,0.088610,0.000000,13.102848,1.164824,597,0.000000,27.800000,9.000000,2.198157,20.557789,37.858940,9.000000
2022-01-24 23:10:00,0.006187,0.000000,12.473913,0.858027,598,0.000000,27.800000,9.000000,2.300000,55.979933,37.858940,9.000000
2022-01-24 23:20:00,0.000000,0.000000,12.438591,0.576007,596,0.000000,27.800000,9.000000,2.300000,84.793624,37.858940,9.000000
2022-01-24 23:30:00,0.000000,0.000000,12.404181,0.431605,598,0.000000,27.800000,9.000000,2.300000,-0.802676,37.858940,9.000000
2022-01-24 23:40:00,0.000000,0.000000,12.188648,0.280634,599,0.000000,27.800000,9.000000,2.300000,32.444073,37.858940,9.000000
2022-01-24 23:50:00,0.000000,0.000000,11.575459,0.863439,599,0.000000,27.800000,9.000000,2.300000,-2.926544,37.858940,9.000000
2022-01-25 00:00:00,0.000000,0.000000,11.500835,0.672454,599,0.000000,27.800000,9.000000,2.300000,-52.777963,37.858940,9.000000
2022-01-25 00:10:00,0.000000,0.000000,11.499167,0.251500,600,0.000000,27.800000,9.000000,2.300000,-106.908333,37.858940,9.000000
2022-01-25 00:20:00,0.000000,0.000000,11.206010,0.309182,599,0.000000,27.800000,9.000000,2.300000,-76.380634,37.858940,9.000000
2022-01-25 00:30:00,0.000000,0.000000,10.697663,0.015025,599,0.000000,27.800000,9.000000,2.300000,10.679466,37.858940,9.000000
2022-01-25 00:40:00,0.000000,0.000000,10.601839,0.065217,598,0.000000,27.800000,9.000000,2.300000,-20.446488,37.858940,9.000000
2022-01-25 00:50:00,0.000000,0.000000,10.600000,0.341068,599,0.000000,27.800000,9.000000,2.300000,-102.372287,37.858940,9.000000
2022-01-25 01:00:00,0.000000,0.000000,10.557500,0.170333,600,0.000000,27.800000,9.000000,2.300000,-66.951667,37.858940,9.000000
2022-01-25 01:10:00,0.000000,0.000000,10.159365,0.359030,598,0.000000,27.800000,9.000000,2.300000,9.520067,37.858940,9.000000
2022-01-25 01:20:00,0.000000,0.000000,9.761102,0.187646,599,0.000000,27.800000,9.000000,2.300000,-39.661102,37.858940,9.000000
2022-01-25 01:30:00,0.000000,0.000000,9.700835,0.515192,599,0.000000,27.800000,9.000000,2.300000,-38.405676,37.858940,9.000000
2022-01-25 01:40:00,0.000000,0.000000,9.700000,0.688982,599,0.000000,27.800000,9.000000,2.300000,-17.196995,37.858940,9.000000
2022-01-25 01:50:00,0.000000,0.000000,9.694992,0.772788,599,0.000000,27.800000,9.000000,2.300000,86.664441,37.858940,9.000000
2022-01-25 02:00:00,0.001669,0.000000,9.602838,0.959432,599,0.000000,27.800000,9.000000,2.300000,130.908180,37.858940,9.000000
2022-01-25 02:10:00,0.004508,0.000000,9.037229,1.212688,599,0.000000,27.800000,9.000000,2.300000,67.170284,37.858940,9.000000
2022-01-25 02:20:00,0.000000,0.000000,8.775292,0.757763,599,0.000000,27.800000,9.000000,2.300000,70.447412,37.858940,9.000000
2022-01-25 02:30:00,0.000000,0.000000,8.572454,0.559432,599,0.000000,27.800000,9.000000,2.300000,104.644407,37.858940,9.000000
2022-01-25 02:40:00,0.000000,0.000000,8.129215,1.261102,599,0.000000,27.800000,9.000000,2.300000,39.410684,37.858940,9.000000
2022-01-25 02:50:00,0.000000,0.000000,7.868948,0.473122,599,0.000000,27.800000,9.000000,2.300000,21.083472,37.858940,9.000000
2022-01-25 03:00:00,18.082304,196.332220,8.421035,1.436060,599,0.097329,27.800000,9.791319,3.236394,-12.016694,19.285488,10.000000
2022-01-25 03:10:00,9.073077,45.944816,8.800836,1.263043,598,-0.012826,27.800000,9.182274,3.300000,-16.556856,33.578433,9.000000
2022-01-25 03:20:00,3.131052,0.000000,8.795659,1.357930,599,0.000000,27.800000,9.000000,3.300000,8.353923,38.191855,9.000000
2022-01-25 03:30:00,17.806522,167.994983,8.919900,1.644816,598,0.086104,27.800000,9.553512,3.300000,17.404682,25.117256,10.000000
2022-01-25 03:40:00,26.655259,319.121870,9.759599,1.333055,599,0.195326,27.800000,10.000000,3.300000,-6.280467,14.034000,10.000000
2022-01-25 03:50:00,13.902671,142.721202,10.373957,1.340067,599,0.021970,27.800000,9.489149,3.300000,8.320534,26.052942,9.000000
2022-01-25 04:00:00,12.064441,70.611018,9.754758,1.459933,599,0.013122,27.800000,9.275459,3.300000,3.919866,31.591754,9.000000
2022-01-25 04:10:00,21.960100,262.664441,10.505175,1.259933,599,0.018114,27.800000,10.000000,3.300000,-4.614357,14.034000,10.000000
2022-01-25 04:20:00,25.447579,304.642738,10.912020,1.319366,599,0.136845,27.800000,10.000000,3.300000,10.961603,14.034000,10.000000
2022-01-25 04:30:00,10.195326,72.711185,11.119699,1.431886,599,-0.014107,27.800000,9.288815,3.300000,-17.036728,30.781463,9.000000
2022-01-25 04:40:00,11.515217,117.872910,10.684783,1.527592,598,0.110100,27.800000,9.362876,3.300000,-30.625418,29.498567,9.000000
2022-01-25 04:50:00,23.762938,284.484140,11.441569,1.173122,599,0.085192,27.800000,10.000000,3.300000,-6.796327,14.034000,10.000000
2022-01-25 05:00:00,25.723205,308.033389,11.824708,1.277129,599,0.134624,27.800000,10.000000,3.300000,4.460768,14.034000,10.000000
2022-01-25 05:10:00,19.057429,228.011686,12.319866,0.909683,599,-0.016628,27.800000,10.000000,3.300000,2.292154,14.034000,10.000000
2022-01-25 05:20:00,17.836060,212.824708,12.372454,0.881135,599,-0.069816,27.800000,10.000000,3.300000,-13.627713,14.034000,10.000000
2022-01-25 05:30:00,9.950751,76.537563,12.384307,1.137563,599,-0.012087,27.800000,9.295492,3.300000,3.058431,30.621905,9.000000
2022-01-25 05:40:00,0.610518,0.000000,11.859766,1.376628,599,0.000000,27.800000,9.000000,3.300000,1.457429,37.858940,9.000000
2022-01-25 05:50:00,1.398664,0.000000,11.510184,1.436394,599,0.000000,27.800000,9.000000,3.300000,11.494157,37.858940,9.000000
2022-01-25 06:00:00,21.884140,246.417362,11.638063,1.361436,599,0.055275,27.800000,9.898164,3.300000,1.063439,16.760233,10.000000
2022-01-25 06:10:00,27.607346,330.457429,12.387813,1.506344,599,0.305743,27.800000,10.000000,3.300000,8.781302,14.034000,10.000000
2022-01-25 06:20:00,34.274791,409.924875,12.953923,2.097162,599,0.825125,27.800000,10.000000,3.300000,-14.449082,14.034000,10.000000
2022-01-25 06:30:00,31.199499,373.808013,14.001169,1.751920,599,0.600067,27.800000,10.000000,3.300000,4.971619,14.034000,10.000000
2022-01-25 06:40:00,32.695826,391.550918,14.648414,1.790150,599,0.608681,27.800000,10.000000,3.300000,-2.637730,14.034000,10.000000
2022-01-25 06:50:00,33.017529,395.841402,14.967112,1.822705,599,0.624925,27.800000,10.000000,3.300000,-13.282137,14.034000,10.000000
2022-01-25 07:00:00,22.054515,243.269231,14.810033,1.508194,598,0.142809,27.800000,9.806020,3.300000,-21.526756,18.746585,10.000000
2022-01-25 07:10:00,32.222871,386.237062,15.108180,1.741068,599,0.589265,27.800000,10.000000,3.300000,-1.986644,14.034000,10.000000
2022-01-25 07:20:00,25.761269,308.173623,15.174124,1.359098,599,0.169699,27.800000,10.000000,3.300000,2.454090,14.034000,10.000000
2022-01-25 07:30:00,26.867446,322.031720,15.161436,1.355426,599,0.184858,27.800000,10.000000,3.300000,14.348915,14.034000,10.000000
2022-01-25 07:40:00,25.256427,302.263773,15.165776,1.456928,599,0.151770,27.800000,10.000000,3.300000,-23.929883,14.034000,10.000000
2022-01-25 07:50:00,29.453923,352.848080,15.530050,1.629048,599,0.376244,27.800000,10.000000,3.300000,-1.918197,14.034000,10.000000
2022-01-25 08:00:00,28.005342,335.287145,15.717362,1.579800,599,0.276995,27.800000,10.000000,3.300000,-0.345576,14.034000,10.000000
2022-01-25 08:10:00,35.396828,423.988314,16.192821,2.149750,599,0.848965,27.800000,10.000000,3.300000,-16.704508,14.034000,10.000000
2022-01-25 08:20:00,27.692821,331.774624,16.195159,1.513689,599,0.314825,27.800000,10.000000,3.300000,7.185309,14.034000,10.000000
2022-01-25 08:30:00,24.741973,296.600334,16.054682,1.287625,598,0.112291,27.800000,9.966555,3.300000,17.182274,14.606058,10.000000
2022-01-25 08:40:00,5.297663,1.262104,15.445075,1.402003,599,0.000134,27.800000,9.000000,3.300000,30.365609,38.151283,9.000000
2022-01-25 08:50:00,1.146090,0.000000,15.168552,1.278702,601,0.000000,27.800000,9.000000,3.300000,33.019967,38.191855,9.000000
2022-01-25 09:00:00,3.288815,0.000000,14.735893,1.165776,599,0.000000,27.800000,9.000000,3.300000,-17.340568,38.191855,9.000000
2022-01-25 09:10:00,19.598664,211.943239,14.115693,1.431886,599,0.068264,27.800000,9.732888,3.300000,-4.404007,20.792788,10.000000
2022-01-25 09:20:00,16.166110,187.080134,13.666611,0.899833,599,-0.028197,27.800000,9.786311,3.300000,5.015025,18.911765,10.000000
2022-01-25 09:30:00,17.674124,158.492487,13.448581,1.550250,599,0.112755,27.800000,9.507513,3.300000,-4.505843,26.040935,10.000000
2022-01-25 09:40:00,30.290317,362.661102,14.434891,1.620200,599,0.422554,27.800000,10.000000,3.300000,-7.424040,14.034000,10.000000
2022-01-25 09:50:00,30.583639,366.387312,15.254257,1.638564,599,0.433589,27.800000,10.000000,3.300000,-4.896494,14.034000,10.000000
2022-01-25 10:00:00,11.288314,115.766277,15.158932,2.265109,599,0.038548,27.800000,11.886477,3.559432,-4.462437,55.257221,12.000000
2022-01-25 10:10:00,2.406678,0.000000,14.381970,2.598331,599,0.000000,27.800000,13.000000,3.955760,6.724541,80.223455,13.000000
2022-01-25 10:20:00,1.291820,0.000000,14.227546,1.824708,599,0.000000,27.800000,13.000000,4.400000,11.342237,80.313994,13.000000
2022-01-25 10:30:00,1.965609,0.000000,13.596661,2.234057,599,0.000000,27.800000,13.000000,4.400000,4.287145,80.313994,13.000000
2022-01-25 10:40:00,2.045910,0.000000,13.297496,2.295159,599,0.000000,27.800000,13.000000,4.400000,9.267112,80.292999,13.000000
2022-01-25 10:50:00,1.463940,0.000000,11.621870,2.003005,599,0.000000,27.800000,13.000000,4.400000,1.923205,79.921658,13.000000
2022-01-25 11:00:00,0.995326,0.000000,11.840735,1.634224,599,0.000000,27.800000,13.000000,4.400000,0.065109,80.031223,13.000000
2022-01-25 11:10:00,1.350751,0.000000,12.539733,1.913189,599,0.000000,27.800000,13.000000,4.400000,1.502504,80.306121,13.000000
2022-01-25 11:20:00,0.670284,0.000000,12.698331,1.622705,599,0.000000,27.800000,13.000000,4.400000,3.415693,80.313994,13.000000
2022-01-25 11:30:00,0.430667,0.000000,12.499167,1.556333,600,0.000000,27.800000,13.000000,4.400000,-20.545000,80.313994,13.000000
2022-01-25 11:40:00,0.864441,0.000000,12.499165,1.654424,599,0.000000,27.800000,13.000000,4.400000,-2.767947,80.313994,13.000000
2022-01-25 11:50:00,0.888815,0.000000,12.500000,1.671786,599,0.000000,27.800000,13.000000,4.400000,-11.794658,80.313994,13.000000
2022-01-25 12:00:00,1.401503,0.000000,12.499165,2.099165,599,0.000000,27.800000,13.000000,4.400000,3.368948,80.313994,13.000000
2022-01-25 12:10:00,1.284307,0.000000,12.489816,2.029549,599,0.000000,27.800000,13.000000,4.400000,4.218698,80.313994,13.000000
2022-01-25 12:20:00,1.804174,0.000000,12.471786,2.238230,599,0.000000,27.800000,13.000000,4.400000,1.053422,80.313994,13.000000
2022-01-25 12:30:00,1.183639,0.000000,12.497329,1.887646,599,0.000000,27.800000,13.000000,4.400000,1.570952,80.313994,13.000000
2022-01-25 12:40:00,1.247746,0.000000,12.500000,1.991152,599,0.000000,27.800000,13.000000,4.400000,-6.495826,80.313994,13.000000
2022-01-25 12:50:00,2.146745,0.000000,12.497329,2.564608,599,0.000000,27.800000,13.000000,4.400000,0.515860,80.313994,13.000000
2022-01-25 13:00:00,1.982972,0.000000,12.500000,2.340735,599,0.000000,27.800000,13.000000,4.400000,2.594324,80.313994,13.000000
2022-01-25 13:10:00,2.232053,0.000000,12.500000,2.610184,599,0.000000,27.800000,13.000000,4.400000,-1.155259,80.313994,13.000000
2022-01-25 13:20:00,1.924374,0.000000,12.498331,2.358765,599,0.000000,27.800000,13.000000,4.400000,4.414023,80.313994,13.000000
2022-01-25 13:30:00,2.022871,0.000000,12.499165,2.450584,599,0.000000,27.800000,13.000000,4.400000,3.814691,80.313994,13.000000
2022-01-25 13:40:00,1.560601,0.000000,12.495993,2.194825,599,0.000000,27.800000,13.000000,4.400000,-1.677796,80.313994,13.000000
2022-01-25 13:50:00,1.924040,0.000000,12.477129,2.382638,599,0.000000,27.800000,13.000000,4.400000,-5.432387,80.313994,13.000000
2022-01-25 14:00:00,1.577129,0.000000,12.451085,2.132220,599,0.000000,27.800000,13.000000,4.400000,3.288815,80.313994,13.000000
2022-01-25 14:10:00,1.966444,0.000000,12.470284,2.343239,599,0.000000,27.800000,13.000000,4.400000,-4.388982,80.313994,13.000000
2022-01-25 14:20:00,0.245910,0.000000,12.474791,1.716861,599,0.000000,27.800000,13.000000,4.400000,-34.425710,80.313994,13.000000
2022-01-25 14:30:00,0.382972,0.000000,12.399332,1.794157,599,0.000000,27.800000,13.000000,4.400000,-25.217028,80.313994,13.000000
2022-01-25 14:40:00,2.248247,0.000000,11.819032,2.943907,599,0.000000,27.800000,13.000000,4.400000,-17.709516,80.313994,13.000000
2022-01-25 14:50:00,1.738230,0.000000,11.600000,2.257930,599,0.000000,27.800000,13.000000,4.400000,11.196995,80.313994,13.000000
2022-01-25 15:00:00,2.061603,0.000000,11.599165,2.431219,599,0.000000,27.800000,13.000000,4.400000,10.375626,80.313994,13.000000
2022-01-25 15:10:00,2.000668,0.000000,11.067279,2.271119,599,0.000000,27.800000,13.000000,4.400000,1.884808,80.313994,13.000000
2022-01-25 15:20:00,1.485476,0.000000,10.705509,1.935058,599,0.000000,27.800000,13.000000,4.400000,-3.936561,80.312682,13.000000
2022-01-25 15:30:00,0.219833,0.000000,11.431833,1.434000,600,0.000000,27.800000,13.000000,4.400000,-14.341667,80.313994,13.000000
2022-01-25 15:40:00,0.000000,0.000000,11.426377,0.939900,599,0.000000,27.800000,13.000000,4.400000,-28.497496,80.313994,13.000000
2022-01-25 15:50:00,0.000000,0.000000,11.195659,0.970284,599,0.000000,27.800000,13.000000,4.400000,-20.485810,80.313994,13.000000
2022-01-25 16:00:00,0.272454,0.000000,11.596661,1.599833,599,0.000000,27.800000,13.000000,4.400000,-35.273790,80.313994,13.000000
2022-01-25 16:10:00,0.318865,0.000000,11.572788,1.317195,599,0.000000,27.800000,13.000000,4.400000,20.884808,80.313994,13.000000
2022-01-25 16:20:00,0.000000,0.000000,11.306689,0.448161,598,0.000000,27.800000,13.000000,4.400000,-3.685619,80.313994,13.000000
2022-01-25 16:30:00,0.000000,0.000000,10.877425,0.085786,598,0.000000,27.800000,13.000000,4.400000,-12.461538,80.313994,13.000000
2022-01-25 16:40:00,0.000000,0.000000,10.711185,0.767613,599,0.000000,27.800000,13.000000,4.400000,-45.414023,80.313994,13.000000
2022-01-25 16:50:00,0.000000,0.000000,10.741068,1.083139,599,0.000000,27.800000,13.000000,4.400000,1.293823,80.313994,13.000000
2022-01-25 17:00:00,0.287167,0.000000,10.741833,1.583333,600,0.000000,27.800000,13.000000,4.400000,4.970000,80.313994,13.000000
2022-01-25 17:10:00,0.000000,0.000000,10.670618,1.201836,599,0.000000,27.800000,13.000000,4.400000,-19.919866,80.313994,13.000000
2022-01-25 17:20:00,0.266000,0.000000,10.646667,1.373500,600,0.000000,27.800000,13.000000,4.400000,-9.071667,80.313994,13.000000
2022-01-25 17:30:00,0.094324,0.000000,10.648748,1.276127,599,0.000000,27.800000,13.000000,4.400000,17.395659,80.313994,13.000000
2022-01-25 17:40:00,0.000000,0.000000,10.633890,0.820033,599,0.000000,27.800000,13.000000,4.400000,29.742905,80.313994,13.000000
2022-01-25 17:50:00,0.000000,0.000000,10.604341,0.347913,599,0.000000,27.800000,13.000000,4.400000,99.305509,80.313994,13.000000
2022-01-25 18:00:00,0.000000,0.000000,10.608878,0.287605,597,0.000000,27.800000,13.000000,4.400000,91.780570,80.313994,13.000000
2022-01-25 18:10:00,0.000000,0.000000,10.603512,0.231773,598,0.000000,27.800000,13.000000,4.400000,69.831104,80.313994,13.000000
2022-01-25 18:20:00,0.000000,0.000000,10.605017,0.094649,598,0.000000,27.800000,13.000000,4.400000,-24.690635,80.313994,13.000000
2022-01-25 18:30:00,0.000000,0.000000,10.590285,0.060302,597,0.000000,27.800000,13.000000,4.400000,33.453936,80.313994,13.000000
2022-01-25 18:40:00,0.000000,0.000000,10.439130,0.000000,598,0.000000,27.800000,13.000000,4.400000,-8.635452,80.313994,13.000000
2022-01-25 18:50:00,0.000000,0.000000,10.017923,0.045226,597,0.000000,27.800000,13.000000,4.400000,-57.641541,80.313994,13.000000
2022-01-25 19:00:00,0.000000,0.000000,9.759699,0.044147,598,0.000000,27.800000,13.000000,4.400000,-41.277592,80.313994,13.000000
2022-01-25 19:10:00,0.000000,0.000000,9.704188,0.161809,597,0.000000,27.800000,13.000000,4.400000,-21.266332,80.313994,13.000000
2022-01-25 19:20:00,0.000000,0.000000,9.700000,0.080268,598,0.000000,27.800000,13.000000,4.400000,-59.633779,80.313994,13.000000
2022-01-25 19:30:00,0.000000,0.000000,9.696488,0.029599,598,0.000000,27.800000,13.000000,4.400000,-97.617057,80.313994,13.000000
2022-01-25 19:40:00,0.000000,0.000000,9.693132,0.044724,597,0.000000,27.800000,13.000000,4.400000,-89.954774,80.313994,13.000000
2022-01-25 19:50:00,0.000000,0.000000,9.610702,0.030100,598,0.000000,27.800000,13.000000,4.400000,-96.005017,80.313994,13.000000
2022-01-25 20:00:00,0.000000,0.000000,9.234841,0.015075,597,0.000000,27.800000,13.000000,4.400000,-116.705193,80.313994,13.000000
2022-01-25 20:10:00,0.000000,0.000000,8.857454,0.099330,597,0.000000,27.800000,13.000000,4.400000,-95.624791,80.313994,13.000000
2022-01-25 20:20:00,0.000000,0.000000,8.800836,0.025084,598,0.000000,27.800000,13.000000,4.400000,-102.563545,80.313994,13.000000
2022-01-25 20:30:00,0.000000,0.000000,8.800000,0.259799,597,0.000000,27.800000,13.000000,4.400000,-121.566164,80.313994,13.000000
2022-01-25 20:40:00,0.000000,0.000000,8.799162,0.150084,597,0.000000,27.800000,13.000000,4.400000,-95.480737,80.313994,13.000000
2022-01-25 20:50:00,0.000000,0.000000,8.793311,0.201003,598,0.000000,27.800000,13.000000,4.400000,-95.707358,80.313994,13.000000
2022-01-25 21:00:00,0.000000,0.000000,8.757621,0.475879,597,0.000000,27.800000,13.000000,4.400000,-75.958124,80.313994,13.000000
2022-01-25 21:10:00,0.000000,0.000000,8.549498,0.172241,598,0.000000,27.800000,13.000000,4.400000,-69.528428,80.313994,13.000000
2022-01-25 21:20:00,0.000000,0.000000,8.147324,0.642809,598,0.000000,27.800000,13.000000,4.400000,-61.371237,80.313994,13.000000
2022-01-25 21:30:00,0.000000,0.000000,7.928261,0.847157,598,0.000000,27.800000,13.000000,4.400000,-17.750836,80.313994,13.000000
2022-01-25 21:40:00,0.000000,0.000000,7.854090,1.225876,599,0.000000,27.800000,13.000000,4.400000,-35.544240,80.313994,13.000000
2022-01-25 21:50:00,0.000000,0.000000,7.852174,0.794314,598,0.000000,27.800000,13.000000,4.400000,-61.284281,80.313994,13.000000
2022-01-25 22:00:00,0.000000,0.000000,7.853679,0.683779,598,0.000000,27.800000,13.000000,4.400000,-64.518395,80.313994,13.000000
2022-01-25 22:10:00,0.000000,0.000000,7.813880,0.707525,598,0.000000,27.800000,13.000000,4.400000,-59.356187,80.313994,13.000000
2022-01-25 22:20:00,0.000000,0.000000,7.689465,0.515886,598,0.000000,27.800000,13.000000,4.400000,-48.665552,80.313994,13.000000
2022-01-25 22:30:00,0.000000,0.000000,7.365327,0.181240,597,0.000000,27.800000,13.000000,4.400000,-26.512563,80.313994,13.000000
2022-01-25 22:40:00,0.000000,0.000000,7.029097,0.686622,598,0.000000,27.800000,13.000000,3.325753,-21.578595,80.313994,13.000000
2022-01-25 22:50:00,0.000000,0.000000,6.929983,0.639196,597,0.000000,27.800000,13.000000,1.009213,-14.361809,80.313994,13.000000
2022-01-25 23:00:00,0.000000,0.000000,6.906050,0.470756,595,0.000000,27.800000,13.000000,1.100000,-33.470588,80.313994,13.000000
2022-01-25 23:10:00,0.000000,0.000000,6.902525,0.747643,594,0.000000,27.800000,13.000000,1.100000,-49.292929,80.313994,13.000000
2022-01-25 23:20:00,0.000000,0.000000,6.900000,1.104188,597,0.000000,27.800000,13.000000,1.274874,-23.577889,80.313994,13.000000
2022-01-25 23:30:00,0.000000,0.000000,6.896494,1.139900,599,0.000000,27.800000,13.000000,1.600000,-27.732888,80.313994,13.000000
2022-01-25 23:40:00,0.007358,0.000000,6.868227,1.009532,598,0.000000,27.800000,13.000000,1.654515,-5.285953,80.313994,13.000000
2022-01-25 23:50:00,0.257833,0.000000,6.753833,1.324333,600,0.000000,27.800000,13.000000,1.915333,-3.646667,80.313994,13.000000
2022-01-26 00:00:00,1.312855,0.000000,6.550584,1.728214,599,0.000000,27.800000,13.000000,2.372788,1.844741,80.313994,13.000000
2022-01-26 00:10:00,1.767947,0.000000,6.362604,2.244240,599,0.000000,27.800000,13.000000,3.114023,-5.604341,80.313994,13.000000
2022-01-26 00:20:00,0.799165,0.000000,6.232053,1.935225,599,0.000000,27.800000,13.000000,3.400000,-17.535893,80.313994,13.000000
2022-01-26 00:30:00,1.561269,0.000000,6.051252,1.953756,599,0.000000,27.800000,13.000000,3.400000,-7.198664,80.313994,13.000000
2022-01-26 00:40:00,2.017362,0.000000,6.011853,2.180968,599,0.000000,27.800000,13.000000,3.400000,-4.844741,80.313994,13.000000
2022-01-26 00:50:00,2.465109,0.000000,6.002671,2.687312,599,0.000000,27.800000,13.000000,4.004841,-7.540902,80.313994,13.000000
2022-01-26 01:00:00,2.175960,0.000000,6.000000,2.423205,599,0.000000,27.800000,13.000000,4.400000,-3.978297,80.313994,13.000000
2022-01-26 01:10:00,1.667780,0.000000,6.000000,1.964107,599,0.000000,27.800000,13.000000,4.400000,-6.046745,80.313994,13.000000
2022-01-26 01:20:00,1.195993,0.000000,6.000835,1.747746,599,0.000000,27.800000,13.000000,4.400000,-10.065109,80.313994,13.000000
2022-01-26 01:30:00,0.388147,0.000000,5.999165,1.700000,599,0.000000,27.800000,13.000000,4.400000,-22.726210,80.313994,13.000000
2022-01-26 01:40:00,0.000000,0.000000,5.998328,0.754682,598,0.000000,27.800000,13.000000,4.400000,-17.814381,80.313994,13.000000
2022-01-26 01:50:00,0.000000,0.000000,5.971070,0.379097,598,0.000000,27.800000,13.000000,4.400000,-34.775920,80.313994,13.000000
2022-01-26 02:00:00,0.000000,0.000000,5.661770,0.894658,599,0.000000,27.800000,13.000000,4.400000,-64.505843,80.313994,13.000000
2022-01-26 02:10:00,0.000000,0.000000,5.158361,0.818896,598,0.000000,27.800000,13.000000,4.400000,-72.403010,80.313994,13.000000
2022-01-26 02:20:00,0.000000,0.000000,5.095812,0.634171,597,0.000000,27.800000,13.000000,4.400000,-62.832496,80.313994,13.000000
2022-01-26 02:30:00,0.260768,0.000000,5.093155,1.212354,599,0.000000,27.800000,13.000000,4.400000,-14.662771,80.313994,13.000000
2022-01-26 02:40:00,0.507679,0.000000,5.078965,1.302170,599,0.000000,27.800000,13.000000,4.400000,-12.691152,80.313994,13.000000
2022-01-26 02:50:00,1.397830,0.000000,5.079633,1.915192,599,0.000000,27.800000,13.000000,4.400000,-4.432387,80.313994,13.000000
2022-01-26 03:00:00,1.959000,0.000000,5.059667,2.376500,600,0.000000,27.800167,13.000000,4.400000,-3.843333,80.313994,13.000000
2022-01-26 03:10:00,2.055259,0.000000,5.019699,2.357429,599,0.000000,27.800000,13.000000,4.400000,-11.494157,80.313994,13.000000
2022-01-26 03:20:00,2.519533,0.000000,4.930217,2.849917,599,0.000000,27.800000,13.000000,4.400000,-20.130217,80.313994,13.000000
2022-01-26 03:30:00,2.769347,0.000000,4.716918,3.008040,597,0.000000,27.800000,13.000000,4.400000,-20.046901,80.313994,13.000000
2022-01-26 03:40:00,1.148829,0.000000,4.504515,1.668395,598,0.000000,27.800000,13.000000,4.400000,-4.205686,80.313994,13.000000
2022-01-26 03:50:00,0.402517,0.000000,4.326846,1.232886,596,0.000000,27.800000,13.000000,4.400000,3.922819,80.313994,13.000000
2022-01-26 04:00:00,0.246333,0.000000,4.222500,1.017167,600,0.000000,27.800000,13.000000,4.400000,3.915000,80.313994,13.000000
2022-01-26 04:10:00,0.098831,0.000000,4.165109,1.221035,599,0.000000,27.800000,13.000000,4.400000,-21.402337,80.313994,13.000000
2022-01-26 04:20:00,0.000000,0.000000,4.128715,0.912521,599,0.000000,27.800000,13.000000,4.400000,-52.442404,80.313994,13.000000
2022-01-26 04:30:00,0.000000,0.000000,4.113667,1.432000,600,0.000000,27.800000,13.000000,4.400000,-30.991667,80.313994,13.000000
2022-01-26 04:40:00,0.493656,0.000000,4.107679,1.480467,599,0.000000,27.800000,13.000000,4.400000,-24.569282,80.313994,13.000000
2022-01-26 04:50:00,0.561603,0.000000,4.110351,1.666277,599,0.000000,27.800000,13.000000,4.400000,-25.445743,80.313994,13.000000
2022-01-26 05:00:00,1.537396,0.000000,4.105843,1.876795,599,0.000000,27.800000,13.000000,4.400000,-15.035058,80.313994,13.000000
2022-01-26 05:10:00,2.567279,0.000000,4.101669,2.636561,599,0.000000,27.800000,13.000000,4.400000,-12.414023,80.313994,13.000000
2022-01-26 05:20:00,2.560100,0.000000,4.100000,2.765442,599,0.000000,27.800000,13.000000,4.400000,-20.724541,80.313994,13.000000
2022-01-26 05:30:00,2.903506,0.000000,4.105175,2.941235,599,0.000000,27.800000,13.000000,4.400000,-20.203673,80.313994,13.000000
2022-01-26 05:40:00,2.678464,0.000000,4.104341,2.745242,599,0.000000,27.800000,13.000000,4.400000,-19.060100,80.313994,13.000000
2022-01-26 05:50:00,1.521035,0.000000,4.100835,2.194491,599,0.000000,27.800000,13.000000,4.400000,-31.484140,80.313994,13.000000
2022-01-26 06:00:00,0.619199,0.000000,4.100000,1.412187,599,0.000000,27.800000,13.000000,4.400000,-12.362270,80.313994,13.000000
2022-01-26 06:10:00,0.000000,0.000000,4.100000,0.903506,599,0.000000,27.800000,13.000000,4.400000,32.053422,80.313994,13.000000
2022-01-26 06:20:00,0.395159,0.000000,4.100000,1.221536,599,0.000000,27.800000,13.000000,4.400000,2.410684,80.313994,13.000000
2022-01-26 06:30:00,1.801669,0.000000,4.090818,2.031219,599,0.000000,27.800000,13.000000,4.400000,-12.465776,80.313994,13.000000
2022-01-26 06:40:00,1.959599,0.000000,4.096494,2.189649,599,0.000000,27.800000,13.000000,4.400000,-14.535893,80.313994,13.000000
2022-01-26 06:50:00,2.256093,0.000000,4.073623,2.343072,599,0.000000,27.800000,13.000000,4.400000,-14.585977,80.313994,13.000000
2022-01-26 07:00:00,1.266778,0.000000,4.073790,1.939566,599,0.000000,27.800000,13.000000,4.400000,-34.687813,80.313994,13.000000
2022-01-26 07:10:00,0.088833,0.000000,4.027500,1.404333,600,0.000000,27.800000,13.000000,4.400000,-37.496667,80.313994,13.000000
2022-01-26 07:20:00,0.000000,0.000000,3.950669,0.743478,598,0.000000,27.800000,13.000000,4.400000,-72.852843,80.313994,13.000000
2022-01-26 07:30:00,0.000000,0.000000,3.967224,0.162207,598,0.000000,27.800000,13.000000,4.400000,-62.483278,80.313994,13.000000
2022-01-26 07:40:00,0.000000,0.000000,4.066611,0.923539,599,0.000000,27.800000,13.000000,4.400000,-38.489149,80.313994,13.000000
2022-01-26 07:50:00,0.000000,0.000000,4.003000,0.978000,600,0.000000,27.800000,13.000000,4.400000,-29.035000,80.313994,13.000000
2022-01-26 08:00:00,0.092308,0.000000,3.875418,0.804348,598,0.000000,27.800000,13.000000,4.400000,-5.326087,80.313994,13.000000
2022-01-26 08:10:00,0.000000,0.000000,3.072621,0.606511,599,0.000000,27.800000,13.000000,4.400000,61.794658,80.313994,13.000000
2022-01-26 08:20:00,0.000000,0.000000,3.300501,0.763606,599,0.000000,27.800000,13.000000,4.400000,52.262104,80.313994,13.000000
2022-01-26 08:30:00,0.200334,0.000000,3.195826,0.773623,599,0.000000,27.800000,13.000000,4.400000,91.886477,80.313994,13.000000
2022-01-26 08:40:00,0.268167,0.000000,3.210333,0.125167,600,0.000000,27.800000,13.000000,4.400000,36.235000,80.313994,13.000000
2022-01-26 08:50:00,0.064608,0.000000,3.700167,0.167112,599,0.000000,27.800000,13.000000,4.400000,37.485810,80.313994,13.000000
2022-01-26 09:00:00,0.000000,0.000000,4.784140,0.030050,599,0.000000,27.800000,13.000000,4.400000,46.585977,80.313994,13.000000
2022-01-26 09:10:00,0.000000,0.000000,4.854424,0.453756,599,0.000000,27.800000,13.000000,4.400000,65.253756,80.313994,13.000000
2022-01-26 09:20:00,0.000501,0.000000,4.409015,0.240902,599,0.000000,27.800000,13.000000,4.400000,126.757930,80.313994,13.000000
2022-01-26 09:30:00,0.686167,0.000000,4.369833,0.180167,600,0.000000,27.800000,13.000000,4.400000,86.818333,41.853141,13.000000
2022-01-26 09:40:00,1.270117,0.000000,5.120868,0.685142,599,0.000000,27.800000,13.000000,4.400000,128.502504,25.082016,13.000000
2022-01-26 09:50:00,0.982471,0.000000,6.904174,1.463272,599,0.000000,27.800000,13.000000,4.400000,72.757930,52.758894,13.000000
2022-01-26 10:00:00,1.674290,0.000000,6.932387,1.157095,599,0.000000,27.800000,13.000000,4.400000,-4.694491,32.149936,13.000000
2022-01-26 10:10:00,0.295159,0.000000,6.951586,1.253756,599,0.000000,27.800000,13.000000,4.400000,-20.891486,72.374556,13.000000
2022-01-26 10:20:00,0.005008,0.000000,6.696995,1.175793,599,0.000000,27.800000,11.110184,4.400000,88.555927,60.702257,11.000000
2022-01-26 10:30:00,0.004674,0.000000,6.245910,1.651920,599,0.000000,27.800000,9.000000,4.400000,17.407346,38.191855,9.000000
2022-01-26 10:40:00,0.298993,0.000000,6.581544,1.509564,596,0.000000,27.800000,12.803691,4.400000,-17.255034,77.982903,13.000000
2022-01-26 10:50:00,0.259492,0.000000,6.010678,1.977797,590,0.000000,27.800000,13.000000,4.400000,23.893220,80.313994,13.000000
2022-01-26 11:00:00,13.818364,138.514190,6.105843,2.056928,599,0.044023,27.800000,10.597663,4.400000,-13.721202,40.919190,11.000000
2022-01-26 11:10:00,15.576628,160.651085,8.185977,1.672120,599,0.022871,27.800000,11.434057,4.400000,-12.470785,34.216722,11.000000
2022-01-26 11:20:00,4.226210,0.000000,8.742237,1.557596,599,0.000000,27.800000,9.450751,4.400000,19.315526,47.530091,9.000000
2022-01-26 11:30:00,0.087980,0.000000,7.637396,1.604841,599,0.000000,27.800000,13.000000,4.400000,-108.998331,80.313994,13.000000
2022-01-26 11:40:00,0.100835,0.000000,6.921369,2.232220,599,0.000000,27.800000,13.000000,4.400000,62.888147,80.313994,13.000000
2022-01-26 11:50:00,0.218030,0.000000,7.449917,2.594658,599,0.000000,27.800000,13.000000,4.400000,144.387312,80.313994,13.000000
2022-01-26 12:00:00,0.389482,0.000000,7.808848,2.134558,599,0.000000,27.800000,13.000000,4.400000,98.684474,80.313994,13.000000
2022-01-26 12:10:00,0.005843,0.000000,7.845409,2.106177,599,0.000000,27.800000,13.000000,4.400000,125.125209,80.313994,13.000000
2022-01-26 12:20:00,0.161770,0.000000,7.408848,2.023372,599,0.000000,27.800000,13.000000,4.400000,47.435726,80.313338,13.000000
2022-01-26 12:30:00,0.054424,0.000000,6.970117,2.267279,599,0.000000,27.800000,13.000000,4.400000,138.525876,80.313994,13.000000
2022-01-26 12:40:00,0.288682,0.000000,7.234966,2.439527,592,0.000000,27.800000,13.000000,4.400000,46.488176,80.313994,13.000000
2022-01-26 12:50:00,0.594088,0.000000,7.798311,2.200676,592,0.000000,27.800000,13.000000,4.400000,27.045608,80.313994,13.000000
2022-01-26 13:10:00,0.157217,0.000000,7.817217,1.212696,575,0.000000,27.800000,13.000000,4.400000,72.900870,80.313994,13.000000
2022-01-26 13:20:00,0.000000,0.000000,7.846959,1.385135,592,0.000000,27.800000,13.000000,4.400000,8.182432,80.313994,13.000000
2022-01-26 13:30:00,0.171160,0.000000,7.877986,2.159898,586,0.000000,27.800000,13.000000,4.400000,-37.319113,80.313994,13.000000
2022-01-26 13:40:00,0.763328,0.000000,8.542954,2.136503,589,0.000000,27.800000,13.000000,4.400000,2.595925,80.313994,13.000000
2022-01-26 13:50:00,0.201689,0.000000,8.552196,2.004899,592,0.000000,27.800000,13.000000,4.400000,40.216216,80.313994,13.000000
2022-01-26 14:00:00,1.318364,0.000000,8.246182,2.531455,550,0.000000,27.800000,13.000000,4.400000,25.130909,80.313994,13.000000
2022-01-26 14:10:00,1.598596,0.000000,8.706667,2.942807,570,0.000000,27.800000,13.000000,4.473333,34.759649,80.313994,13.000000
2022-01-26 14:20:00,1.696610,0.000000,8.794068,2.872712,590,0.000000,27.800000,13.000000,4.600000,16.362712,80.313994,13.000000
2022-01-26 15:00:00,0.463776,0.000000,9.005102,3.446769,588,0.000000,27.800000,13.000000,4.800340,-58.964286,80.313994,13.000000
2022-01-26 15:10:00,0.760069,0.000000,9.471945,3.100861,581,0.000000,27.800000,13.000000,5.301033,-43.700516,80.313994,13.000000
2022-01-26 15:20:00,1.030153,0.000000,9.691652,3.082624,587,0.000000,27.800000,13.000000,5.483475,-23.141397,80.313994,13.000000
2022-01-26 15:30:00,1.459599,0.000000,8.812187,3.060267,599,0.000000,27.800000,12.998331,6.000000,-12.233723,80.035454,13.000000
2022-01-26 15:40:00,18.489482,202.347245,9.557930,3.041235,599,0.476761,27.800668,11.193656,6.000000,-17.574290,47.814928,11.000000
2022-01-26 15:50:00,2.797496,0.000000,9.923038,2.845743,599,0.000000,27.800000,13.000000,6.000000,9.747913,79.921002,13.000000
2022-01-26 16:00:00,2.182972,0.000000,9.700000,2.508347,599,0.000000,27.800000,13.000000,6.000000,5.352254,79.921002,13.000000
2022-01-26 16:10:00,0.175459,0.000000,9.699165,0.742571,599,0.000000,27.800000,13.000000,6.000000,0.721202,79.921002,13.000000
2022-01-26 16:20:00,0.174167,0.000000,9.696667,1.184333,600,0.000000,27.800000,13.000000,6.000000,11.535000,79.921002,13.000000
2022-01-26 16:30:00,0.652421,0.000000,9.634558,1.577462,599,0.000000,27.800000,13.000000,6.000000,2.327212,79.921002,13.000000
2022-01-26 16:40:00,2.325376,0.000000,9.301836,2.673957,599,0.000000,27.800000,13.000000,6.000000,6.939900,79.921002,13.000000
2022-01-26 16:50:00,1.447746,0.000000,8.868447,1.931386,599,0.000000,27.800000,13.000000,6.000000,-0.923205,79.921002,13.000000
2022-01-26 17:00:00,1.175125,0.000000,8.800835,2.090985,599,0.000000,27.800000,13.000000,6.000000,-25.011686,79.921002,13.000000
2022-01-26 17:10:00,0.765609,0.000000,8.798164,1.402504,599,0.000000,27.800000,13.000000,6.000000,3.180301,79.921002,13.000000
2022-01-26 17:20:00,0.000000,0.000000,8.796500,1.022500,600,0.000000,27.800000,13.000000,6.000000,43.288333,79.921002,13.000000
2022-01-26 17:30:00,1.010684,0.000000,8.774791,1.786811,599,0.000000,27.800000,13.000000,6.000000,24.003339,79.922314,13.000000
2022-01-26 17:40:00,0.279299,0.000000,8.532721,1.152588,599,0.000000,27.800000,13.000000,6.000000,29.101836,79.921658,13.000000
2022-01-26 17:50:00,0.608681,0.000000,8.048915,1.508180,599,0.000000,27.800000,13.000000,6.000000,13.692821,79.921658,13.000000
2022-01-26 18:00:00,0.932053,0.000000,7.902671,1.740067,599,0.000000,27.800000,13.000000,6.000000,4.280467,79.921002,13.000000
2022-01-26 18:10:00,0.000000,0.000000,7.881135,1.138063,599,0.000000,27.800000,13.000000,6.000000,-30.756260,79.921002,13.000000
2022-01-26 18:20:00,1.548247,0.000000,7.858097,2.486144,599,0.000000,27.800000,13.000000,6.000000,-22.439065,79.930187,13.000000
2022-01-26 18:30:00,2.457262,0.000000,7.824541,2.958264,599,0.000000,27.800000,13.000000,6.000000,-16.687813,79.975457,13.000000
2022-01-26 18:40:00,2.362104,0.000000,7.733556,2.582972,599,0.000000,27.800000,13.000000,6.000000,17.066778,80.142101,13.000000
2022-01-26 18:50:00,0.313523,0.000000,7.574290,1.343573,599,0.000000,27.800000,13.000000,6.000000,39.766277,80.267412,13.000000
2022-01-26 19:00:00,1.265943,0.000000,7.216694,1.979800,599,0.000000,27.800000,13.000000,6.000000,20.240401,80.308089,13.000000
2022-01-26 19:10:00,1.438397,0.000000,6.963439,1.936227,599,0.000000,27.800000,13.000000,6.000000,-2.976628,80.309401,13.000000
2022-01-26 19:20:00,0.000000,0.000000,6.939566,0.816861,599,0.000000,27.800000,13.000000,6.000000,-0.031720,80.310057,13.000000
2022-01-26 19:30:00,0.000000,0.000000,6.918531,0.706845,599,0.000000,27.800000,13.000000,6.000000,48.797997,80.313994,13.000000
2022-01-26 19:40:00,0.539733,0.000000,6.913523,1.413523,599,0.000000,27.800000,13.000000,6.000000,-28.961603,80.313994,13.000000
2022-01-26 19:50:00,1.969732,0.000000,6.957860,2.340635,598,0.000000,27.800000,13.000000,6.000000,-5.434783,80.313994,13.000000
2022-01-26 20:00:00,1.540401,0.000000,6.914524,1.853255,599,0.000000,27.800000,13.000000,6.000000,6.173623,80.313994,13.000000
2022-01-26 20:10:00,2.073623,0.000000,6.911519,2.306511,599,0.000000,27.800000,13.000000,6.000000,3.969950,80.313994,13.000000
2022-01-26 20:20:00,0.988648,0.000000,7.182471,1.800167,599,0.000000,27.800000,13.000000,6.000000,19.232053,80.313994,13.000000
2022-01-26 20:30:00,0.525710,0.000000,7.296995,1.599332,599,0.000000,27.800000,13.000000,6.000000,8.911519,80.313994,13.000000
2022-01-26 20:40:00,0.488982,0.000000,7.670618,1.597496,599,0.000000,27.800000,13.000000,6.000000,-3.756260,80.313994,13.000000
2022-01-26 20:50:00,1.282137,0.000000,7.767446,1.789316,599,0.000000,27.800000,13.000000,6.000000,0.298831,80.313994,13.000000
2022-01-26 21:00:00,1.938898,0.000000,7.618197,2.160768,599,0.000000,27.800000,13.000000,6.000000,6.649416,80.313994,13.000000
2022-01-26 21:10:00,1.635893,0.000000,7.271452,1.944741,599,0.000000,27.800000,13.000000,6.000000,1.739566,80.313994,13.000000
2022-01-26 21:20:00,1.529215,0.000000,6.938397,1.740401,599,0.000000,27.800000,13.000000,6.000000,9.806344,80.313994,13.000000
2022-01-26 21:30:00,2.000669,0.000000,6.347324,2.193311,598,0.000000,27.800000,13.000000,6.000000,13.471572,80.313994,13.000000
2022-01-26 21:40:00,2.372454,0.000000,6.003339,2.362270,599,0.000000,27.800000,13.000000,6.000000,9.535893,80.313994,13.000000
2022-01-26 21:50:00,2.131052,0.000000,6.002504,2.282638,599,0.000000,27.800000,13.000000,6.000000,3.711185,80.313994,13.000000
2022-01-26 22:00:00,1.947746,0.000000,5.994658,1.994157,599,0.000000,27.800000,13.000000,6.000000,1.564274,80.313994,13.000000
2022-01-26 22:10:00,1.472287,0.000000,5.900167,1.707346,599,0.000000,27.800000,13.000000,6.000000,1.726210,80.313994,13.000000
2022-01-26 22:20:00,0.701336,0.000000,5.746578,1.752588,599,0.000000,27.800000,13.000000,6.000000,-16.343907,80.313994,13.000000
2022-01-26 22:30:00,1.446578,0.000000,5.425710,1.619699,599,0.000000,27.800000,13.000000,6.000000,2.141903,80.313994,13.000000
2022-01-26 22:40:00,0.746411,0.000000,5.265776,1.295659,599,0.000000,27.800000,13.000000,4.617529,12.312187,80.313994,13.000000
2022-01-26 22:50:00,0.000000,0.000000,5.298831,0.072621,599,0.000000,27.800000,13.000000,1.100000,38.318865,80.313994,13.000000
2022-01-26 23:00:00,0.000000,0.000000,5.124541,0.989816,599,0.000000,27.800000,13.000000,1.270618,-21.469115,80.313994,13.000000
2022-01-26 23:10:00,0.514691,0.000000,5.110351,1.305676,599,0.000000,27.800000,13.000000,1.822705,-4.005008,80.313994,13.000000
2022-01-26 23:20:00,1.976923,0.000000,5.087960,2.111706,598,0.000000,27.800000,13.000000,3.023244,3.125418,80.313994,13.000000
2022-01-26 23:30:00,0.908696,0.000000,5.045652,1.570736,598,0.000000,27.800167,13.000000,3.300000,5.307692,80.313994,13.000000
2022-01-26 23:40:00,1.542404,0.000000,4.242905,1.895326,599,0.000000,27.800000,13.000000,3.440902,1.968280,80.313994,13.000000
2022-01-26 23:50:00,1.366945,0.000000,4.105175,1.866611,599,0.000000,27.800000,13.000000,3.700000,12.103506,80.313994,13.000000
2022-01-27 00:00:00,0.000000,0.000000,4.098164,0.845743,599,0.000000,27.800501,13.000000,3.700000,84.198664,80.313994,13.000000
2022-01-27 00:10:00,0.000000,0.000000,3.703506,0.168614,599,0.000000,27.800167,13.000000,3.700000,52.180301,80.313994,13.000000
2022-01-27 00:20:00,0.788147,0.000000,3.336895,1.264775,599,0.000000,27.800000,13.000000,3.700000,-7.055092,80.313994,13.000000
2022-01-27 00:30:00,2.362709,0.000000,3.232943,2.461204,598,0.000000,27.800334,13.000000,3.700000,-8.678930,80.313994,13.000000
2022-01-27 00:40:00,1.738898,0.000000,3.202003,1.957596,599,0.000000,27.800000,13.000000,3.700000,-9.120200,80.313994,13.000000
2022-01-27 00:50:00,1.651753,0.000000,3.200000,1.796494,599,0.000000,27.800000,13.000000,3.700000,-1.310518,80.313994,13.000000
2022-01-27 01:00:00,2.222371,0.000000,3.200000,2.272788,599,0.000000,27.800167,13.000000,3.700000,3.183639,80.313994,13.000000
2022-01-27 01:10:00,1.453088,0.000000,3.199165,1.788815,599,0.000000,27.800167,13.000000,3.700000,14.113523,80.313994,13.000000
2022-01-27 01:20:00,0.265275,0.000000,3.192654,1.169783,599,0.000000,27.800334,13.000000,3.700000,12.181970,80.313994,13.000000
2022-01-27 01:30:00,0.844407,0.000000,3.130384,1.458431,599,0.000000,27.800000,13.000000,3.700000,9.135225,80.313994,13.000000
2022-01-27 01:40:00,2.871906,0.000000,2.879097,2.895151,598,0.000000,27.800000,13.000000,3.704515,-14.078595,80.313994,13.000000
2022-01-27 01:50:00,2.176294,0.000000,2.571285,2.186978,599,0.000000,27.800000,13.000000,3.800000,-1.918197,80.313994,13.000000
2022-01-27 02:00:00,1.587980,0.000000,2.372120,1.718364,599,0.000000,27.800000,13.000000,3.800000,-4.015025,80.313994,13.000000
2022-01-27 02:10:00,2.034224,0.000000,2.303339,2.161269,599,0.000000,27.800167,13.000000,3.800000,-12.278798,80.313994,13.000000
2022-01-27 02:20:00,2.204348,0.000000,2.296656,2.257860,598,0.000000,27.800334,13.000000,3.800000,-10.590301,80.313994,13.000000
2022-01-27 02:30:00,2.413689,0.000000,2.299165,2.505676,599,0.000000,27.800000,13.000000,3.800000,-13.514190,80.313994,13.000000
2022-01-27 02:40:00,2.426923,0.000000,2.295819,2.465217,598,0.000000,27.800167,13.000000,3.800000,-14.926421,80.313994,13.000000
2022-01-27 02:50:00,1.239399,0.000000,2.291486,1.805175,599,0.000000,27.800167,13.000000,3.800000,-20.988314,80.313994,13.000000
2022-01-27 03:00:00,0.000000,0.000000,2.295659,0.547245,599,0.000000,27.800167,13.000000,3.800000,-28.547579,80.313994,13.000000
2022-01-27 03:10:00,0.029549,0.000000,2.296661,0.527045,599,0.000000,27.800167,13.000000,3.800000,-8.909850,80.313994,13.000000
2022-01-27 03:20:00,0.357429,0.000000,2.290484,1.423873,599,0.000000,27.800000,13.000000,3.800000,-28.929883,80.313994,13.000000
2022-01-27 03:30:00,0.258264,0.000000,2.262938,1.324374,599,0.000000,27.800000,13.000000,3.800000,-37.854758,80.313994,13.000000
2022-01-27 03:40:00,0.411853,0.000000,2.197496,1.585309,599,0.000000,27.800000,13.000000,3.800000,-30.869783,80.313994,13.000000
2022-01-27 03:50:00,2.152676,0.000000,2.110201,2.237793,598,0.000000,27.800836,13.000000,3.800000,-18.110368,80.313994,13.000000
2022-01-27 04:00:00,2.269783,0.000000,2.007679,2.395659,599,0.000000,27.800000,13.000000,3.800000,-19.500835,80.313994,13.000000
2022-01-27 04:10:00,2.124749,0.000000,1.911204,2.376756,598,0.000000,27.800334,13.000000,3.800000,-21.413043,80.313994,13.000000
2022-01-27 04:20:00,1.879800,0.000000,1.781970,1.977462,599,0.000000,27.800167,13.000000,3.800000,-13.706177,80.313994,13.000000
2022-01-27 04:30:00,1.727759,0.000000,1.682107,1.891973,598,0.000000,27.800000,13.000000,3.800000,-16.598662,80.313994,13.000000
2022-01-27 04:40:00,1.934114,0.000000,1.564381,1.997659,598,0.000000,27.800000,13.000000,3.800000,-16.469900,80.313994,13.000000
2022-01-27 04:50:00,1.800502,0.000000,1.538462,1.854348,598,0.000000,27.800000,13.000000,3.800000,-7.846154,80.313994,13.000000
2022-01-27 05:00:00,0.260100,0.000000,1.461770,0.994992,599,0.000000,27.800000,13.000000,3.800000,5.176962,80.313994,13.000000
2022-01-27 05:10:00,1.129716,0.000000,1.404674,1.372454,599,0.000000,27.801002,13.000000,3.800000,1.652755,80.313994,13.000000
2022-01-27 05:20:00,2.056427,0.000000,1.391152,2.015192,599,0.000000,27.800000,13.000000,3.800000,-13.388982,80.313994,13.000000
2022-01-27 05:30:00,2.207023,0.000000,1.358361,2.246488,598,0.000000,27.800000,13.000000,3.800000,-21.416388,80.313994,13.000000
2022-01-27 05:40:00,2.735619,0.000000,1.344983,2.571572,598,0.000000,27.800000,13.000000,3.800000,-20.270903,80.313994,13.000000
2022-01-27 05:50:00,1.273957,0.000000,1.331219,1.903172,599,0.000000,27.800000,13.000000,3.800000,-33.036728,80.313994,13.000000
2022-01-27 06:00:00,1.715693,0.000000,1.307179,1.840234,599,0.000000,27.800167,13.000000,3.800000,-18.989983,80.313994,13.000000
2022-01-27 06:10:00,2.293656,0.000000,1.301836,2.035893,599,0.000000,27.802337,13.000000,3.800000,14.263773,80.313994,13.000000
2022-01-27 06:20:00,2.915860,0.000000,1.300835,2.436394,599,0.000000,27.800334,13.000000,3.800000,11.068447,80.313994,13.000000
2022-01-27 06:30:00,2.772408,0.000000,1.300000,2.280100,598,0.000000,27.802676,13.000000,3.800000,6.162207,80.313994,13.000000
2022-01-27 06:40:00,2.223038,0.000000,1.300668,1.879466,599,0.000000,27.801002,13.000000,3.800000,3.365609,80.313994,13.000000
2022-01-27 06:50:00,2.253344,0.000000,1.300000,1.940970,598,0.000000,27.800669,13.000000,3.800000,1.886288,80.313994,13.000000
2022-01-27 07:00:00,2.624875,0.000000,1.296661,2.231886,599,0.000000,27.800167,13.000000,3.800000,-8.343907,80.313994,13.000000
2022-01-27 07:10:00,2.366555,0.000000,1.297492,2.106522,598,0.000000,27.800669,13.000000,3.800000,-6.926421,80.313994,13.000000
2022-01-27 07:20:00,2.028214,0.000000,1.294992,1.876795,599,0.000000,27.800000,13.000000,3.800000,-8.378965,80.313994,13.000000
2022-01-27 07:30:00,1.234891,0.000000,1.237563,1.570618,599,0.000000,27.800000,13.000000,3.800000,-16.217028,80.313994,13.000000
2022-01-27 07:40:00,0.843072,0.000000,1.072955,1.460267,599,0.000000,27.800000,13.000000,3.800000,-23.126878,80.313994,13.000000
2022-01-27 07:50:00,1.364107,0.000000,1.259599,1.620200,599,0.000000,27.800167,13.000000,3.800000,-14.539232,80.313994,13.000000
2022-01-27 08:00:00,1.730050,0.000000,1.302671,1.675626,599,0.000000,27.800000,13.000000,3.800000,-8.485810,80.313994,13.000000
2022-01-27 08:10:00,1.777796,0.000000,1.301669,1.662604,599,0.000000,27.800000,13.000000,3.800000,-6.375626,80.313994,13.000000
2022-01-27 08:20:00,1.618698,0.000000,1.324040,1.619032,599,0.000000,27.800000,13.000000,3.800000,-3.430718,80.313994,13.000000
2022-01-27 08:30:00,0.260601,0.000000,1.368280,0.842905,599,0.000000,27.800000,13.000000,3.800000,1.739566,80.313994,13.000000
2022-01-27 08:40:00,0.079132,0.000000,1.302504,0.516027,599,0.000000,27.800000,13.000000,3.800000,-1.899833,80.313994,13.000000
2022-01-27 08:50:00,1.436000,0.000000,1.323500,1.649000,600,0.000000,27.800000,13.000000,3.800000,3.370000,80.313994,13.000000
2022-01-27 09:00:00,2.482943,0.000000,1.370569,2.281271,598,0.000000,27.800000,13.000000,3.800000,-5.182274,80.313994,13.000000
2022-01-27 09:10:00,2.801669,0.000000,1.367446,2.663272,599,0.000000,27.800000,13.000000,3.848581,-14.572621,80.313994,13.000000
2022-01-27 09:20:00,2.782304,0.000000,1.372788,2.758765,599,0.000000,27.800000,13.000000,3.900000,-20.786311,80.313994,13.000000
2022-01-27 09:30:00,2.670618,0.000000,1.179466,2.430885,599,0.000000,27.800000,13.000000,3.900000,-1.983306,80.313994,13.000000
2022-01-27 09:40:00,2.037896,0.000000,1.092154,2.371619,599,0.000000,27.800000,13.000000,3.939733,13.020033,80.313994,13.000000
2022-01-27 09:50:00,2.501169,0.000000,1.380134,2.634725,599,0.000000,27.800000,13.000000,4.100000,12.809683,80.313994,13.000000
2022-01-27 10:00:00,1.356928,0.000000,1.394157,2.040234,599,0.000000,27.800000,13.000000,4.100000,4.220367,80.313994,13.000000
2022-01-27 10:10:00,1.178631,0.000000,1.417529,2.131720,599,0.000000,27.800000,13.000000,4.100000,12.854758,80.313994,13.000000
2022-01-27 10:20:00,2.111519,0.000000,2.087646,2.881803,599,0.000000,27.800000,13.000000,4.255426,-21.913189,80.313994,13.000000
2022-01-27 10:30:00,1.526544,0.000000,2.253088,2.167613,599,0.000000,27.800000,13.000000,4.400000,-6.138564,80.313994,13.000000
2022-01-27 10:40:00,2.198497,0.000000,2.260434,2.671119,599,0.000000,27.800000,13.000000,4.524374,-11.667780,80.313994,13.000000
2022-01-27 10:50:00,2.466945,0.000000,2.278464,2.842571,599,0.000000,27.800000,13.000000,4.994658,-10.702838,80.313994,13.000000
2022-01-27 11:00:00,2.176628,0.000000,2.311686,2.820868,599,0.000000,27.800000,13.000000,5.000000,-20.130217,80.313994,13.000000
2022-01-27 11:10:00,2.882471,0.000000,2.506678,3.527880,599,0.000000,27.800000,13.000000,5.181135,-17.237062,80.313338,13.000000
2022-01-27 11:20:00,4.983806,0.000000,3.152254,5.312354,599,0.000000,27.800000,13.000000,7.361102,-16.672788,80.312026,13.000000
2022-01-27 11:30:00,5.241569,0.000000,3.276294,5.355760,599,0.000000,27.800000,13.000000,7.500000,-14.567613,80.313994,13.000000
2022-01-27 11:40:00,4.981302,0.000000,3.424875,5.097496,599,0.000000,27.800000,13.000000,7.503673,-11.587646,80.313994,13.000000
2022-01-27 11:50:00,5.328381,0.000000,4.095826,5.299332,599,0.000000,27.800000,13.000000,7.682137,-6.555927,80.313994,13.000000
2022-01-27 12:00:00,5.239232,0.000000,4.199165,5.220701,599,0.000000,27.800000,13.000000,7.700000,-8.198664,80.313994,13.000000
2022-01-27 12:10:00,5.645242,0.000000,4.282805,5.681636,599,0.000000,27.800000,13.000000,7.700000,-10.814691,80.313994,13.000000
2022-01-27 12:20:00,4.553923,0.000000,4.583306,4.506177,599,0.000000,27.800000,13.000000,7.700000,-2.464107,80.313994,13.000000
2022-01-27 12:30:00,3.974290,0.000000,5.025209,3.990150,599,0.000000,27.800000,13.000000,7.700000,7.552588,80.313994,13.000000
2022-01-27 12:40:00,3.460601,0.000000,5.109516,3.517529,599,0.000000,27.800000,13.000000,7.700000,3.076795,80.313994,13.000000
2022-01-27 12:50:00,5.073623,0.000000,5.525710,5.326210,599,0.000000,27.800000,13.000000,7.826210,-14.949917,80.313994,13.000000
2022-01-27 13:00:00,4.339566,0.000000,6.023539,4.401669,599,0.000000,27.800000,13.000000,8.000000,4.806344,80.313994,13.000000
2022-01-27 13:10:00,2.305676,0.000000,6.071452,2.669282,599,0.000000,27.800000,13.000000,8.000000,1.677796,80.313994,13.000000
2022-01-27 13:20:00,3.550751,0.000000,6.307679,3.722538,599,0.000000,27.800000,13.000000,8.000000,9.085142,80.313994,13.000000
2022-01-27 13:30:00,3.606355,0.000000,6.779766,3.801505,598,0.000000,27.800000,13.000000,8.000000,-8.954849,80.313994,13.000000
2022-01-27 13:40:00,1.763272,0.000000,6.984641,2.457763,599,0.000000,27.800000,13.000000,8.000000,-1.574290,80.313994,13.000000
2022-01-27 13:50:00,1.270451,0.000000,6.997496,2.245242,599,0.000000,27.800000,13.000000,8.000000,-22.090150,80.313994,13.000000
2022-01-27 14:00:00,2.629549,0.000000,7.004007,3.039065,599,0.000000,27.800000,13.000000,8.000000,4.539232,80.313994,13.000000
2022-01-27 14:10:00,2.440067,0.000000,7.039566,2.894491,599,0.000000,27.800000,13.000000,8.000000,1.225376,80.313338,13.000000
2022-01-27 14:20:00,2.346244,0.000000,7.305676,2.746745,599,0.000000,27.800000,13.000000,8.000000,4.853088,80.313994,13.000000
2022-01-27 14:30:00,3.081803,0.000000,7.690484,3.270785,599,0.000000,27.800000,13.000000,8.000000,10.545910,80.313994,13.000000
2022-01-27 14:40:00,3.179800,0.000000,7.872621,3.521369,599,0.000000,27.800000,13.000000,8.000000,-7.013356,80.313994,13.000000
2022-01-27 14:50:00,3.826043,0.000000,7.907346,4.236728,599,0.000000,27.800000,13.000000,8.000000,-20.161937,80.313994,13.000000
2022-01-27 15:00:00,4.111686,0.000000,8.574958,4.266778,599,0.000000,27.800000,13.000000,8.000000,-8.612688,80.313994,13.000000
2022-01-27 15:10:00,3.568614,0.000000,8.829048,3.854591,599,0.000000,27.800000,13.000000,8.000000,-5.060100,80.313994,13.000000
2022-01-27 15:20:00,5.169282,0.000000,8.455760,5.130217,599,0.000000,27.800000,13.000000,8.089816,-5.480801,80.313994,13.000000
2022-01-27 15:30:00,4.750751,0.000000,8.783973,4.506511,599,0.000000,27.800000,13.000000,8.200000,7.387312,80.313994,13.000000
2022-01-27 15:40:00,4.210518,0.000000,8.174958,4.086311,599,0.000000,27.800000,13.000000,8.200000,2.288815,80.313994,13.000000
2022-01-27 15:50:00,3.255426,0.000000,7.900000,3.364274,599,0.000000,27.800000,13.000000,8.200000,9.525876,80.313994,13.000000
2022-01-27 16:00:00,4.454925,0.000000,7.898331,4.575960,599,0.000000,27.800000,13.000000,8.200000,-7.460768,80.313994,13.000000
2022-01-27 16:10:00,4.598664,0.000000,7.900000,4.622705,599,0.000000,27.800000,13.000000,8.200000,-6.616027,80.313994,13.000000
2022-01-27 16:20:00,3.018698,0.000000,7.900000,3.206344,599,0.000000,27.800000,13.000000,8.200000,-4.222037,80.313994,13.000000
2022-01-27 16:30:00,1.879967,0.000000,7.887980,2.438397,599,0.000000,27.800000,13.000000,8.200000,12.494157,80.313994,13.000000
2022-01-27 16:40:00,2.936728,0.000000,7.454424,3.476962,599,0.000000,27.800000,13.000000,8.200000,-6.544240,80.313994,13.000000
2022-01-27 16:50:00,0.787646,0.000000,7.005175,1.623706,599,0.000000,27.800000,13.000000,8.200000,11.030050,80.313994,13.000000
2022-01-27 17:00:00,2.765943,0.000000,6.945910,3.242237,599,0.000000,27.800000,13.000000,8.200000,-15.377295,80.313994,13.000000
2022-01-27 17:10:00,1.980467,0.000000,6.937062,2.501669,599,0.000000,27.800000,13.000000,8.200000,-6.601002,80.313994,13.000000
2022-01-27 17:20:00,1.736561,0.000000,6.931052,2.543907,599,0.000000,27.800000,13.000000,8.200000,-15.587646,80.313994,13.000000
2022-01-27 17:30:00,2.368280,0.000000,6.913523,2.914524,599,0.000000,27.800000,13.000000,8.200000,-14.989983,80.313994,13.000000
2022-01-27 17:40:00,1.589298,0.000000,6.880769,2.203512,598,0.000000,27.800000,13.000000,8.200000,8.989967,80.313994,13.000000
2022-01-27 17:50:00,2.507679,0.000000,6.568447,2.725042,599,0.000000,27.800000,13.000000,8.200000,10.033389,80.313994,13.000000
2022-01-27 18:00:00,1.471119,0.000000,6.455426,2.100334,599,0.000000,27.800000,13.000000,8.200000,7.554257,80.313994,13.000000
2022-01-27 18:10:00,2.551586,0.000000,6.438397,2.900334,599,0.000000,27.800000,13.000000,8.200000,2.080134,80.313994,13.000000
2022-01-27 18:20:00,1.892988,0.000000,6.150417,2.321202,599,0.000000,27.800000,13.000000,8.200000,14.609349,80.313994,13.000000
2022-01-27 18:30:00,2.384474,0.000000,6.034558,2.741569,599,0.000000,27.800000,13.000000,8.200000,-10.200334,80.313994,13.000000
2022-01-27 18:40:00,3.196995,0.000000,6.002003,3.616528,599,0.000000,27.800000,13.000000,8.200000,-16.724541,80.313994,13.000000
2022-01-27 18:50:00,2.300000,0.000000,6.001669,2.938731,599,0.000000,27.800000,13.000000,8.200000,1.098497,80.313994,13.000000
2022-01-27 19:00:00,1.811185,0.000000,6.000835,2.291820,599,0.000000,27.800000,13.000000,8.200000,-1.373957,80.313994,13.000000
2022-01-27 19:10:00,2.530050,0.000000,6.000835,3.246411,599,0.000000,27.800000,13.000000,8.200000,-3.397329,80.313994,13.000000
2022-01-27 19:20:00,3.909516,0.000000,5.999165,4.140568,599,0.000000,27.800000,13.000000,8.200000,11.898164,80.313994,13.000000
2022-01-27 19:30:00,4.304508,0.000000,5.985810,4.349583,599,0.000000,27.800000,13.000000,8.259098,3.744574,80.313994,13.000000
2022-01-27 19:40:00,3.434558,0.000000,5.926377,3.879800,599,0.000000,27.800000,13.000000,8.600000,-18.000000,80.313994,13.000000
2022-01-27 19:50:00,3.311371,0.000000,5.795485,3.604682,598,0.000000,27.800000,13.000000,8.600000,-10.168896,80.313994,13.000000
2022-01-27 20:00:00,3.107679,0.000000,5.555426,3.515025,599,0.000000,27.800000,13.000000,8.600000,-6.519199,80.313994,13.000000
2022-01-27 20:10:00,3.352755,0.000000,5.345242,3.508013,599,0.000000,27.800000,13.000000,8.791319,1.856427,80.313994,13.000000
2022-01-27 20:20:00,4.150584,0.000000,5.178464,4.149082,599,0.000000,27.800000,13.000000,8.900000,9.853088,80.313994,13.000000
2022-01-27 20:30:00,5.045910,0.000000,5.104674,4.772120,599,0.000000,27.800000,13.000000,8.900000,3.375626,80.313994,13.000000
2022-01-27 20:40:00,3.541235,0.000000,5.100000,3.464274,599,0.000000,27.800000,13.000000,8.900000,-3.235392,80.313994,13.000000
2022-01-27 20:50:00,3.645075,0.000000,5.099165,3.784808,599,0.000000,27.800000,13.000000,8.900000,-15.979967,80.313994,13.000000
2022-01-27 21:00:00,3.915025,0.000000,5.100000,3.566444,599,0.000000,27.800000,13.000000,8.900000,0.629382,80.313994,13.000000
2022-01-27 21:10:00,3.141068,0.000000,5.099165,3.091152,599,0.000000,27.800000,13.000000,8.900000,-15.662771,80.313994,13.000000
2022-01-27 21:20:00,1.342070,0.000000,5.100000,2.007012,599,0.000000,27.800000,13.000000,8.900000,-24.502504,80.313994,13.000000
2022-01-27 21:30:00,2.500167,0.000000,5.095659,2.494491,599,0.000000,27.800000,13.000000,8.900000,-9.056761,80.313994,13.000000
2022-01-27 21:40:00,2.928214,0.000000,5.097496,2.753923,599,0.000000,27.800000,13.000000,8.900000,-10.106845,80.313994,13.000000
2022-01-27 21:50:00,2.377796,0.000000,5.096661,2.451586,599,0.000000,27.800000,13.000000,8.900000,-16.412354,80.313994,13.000000
2022-01-27 22:00:00,2.479967,0.000000,5.087145,2.305008,599,0.000000,27.800000,13.000000,8.900000,-7.889816,80.313994,13.000000
2022-01-27 22:10:00,2.715192,0.000000,5.088982,2.438564,599,0.000000,27.800000,13.000000,8.900000,-1.786311,80.313994,13.000000
2022-01-27 22:20:00,2.300334,0.000000,5.079132,2.296160,599,0.000000,27.800000,13.000000,8.900000,-12.609349,80.313994,13.000000
2022-01-27 22:30:00,4.039900,0.000000,5.060434,3.469115,599,0.000000,27.800000,13.000000,8.900000,-6.210351,80.313994,13.000000
2022-01-27 22:40:00,3.931052,0.000000,5.055426,3.222204,599,0.000000,27.800000,13.000000,7.678464,-3.572621,80.313994,13.000000
2022-01-27 22:50:00,5.377796,0.000000,5.047412,4.379633,599,0.000000,27.800000,13.000000,6.376962,-4.058431,80.313994,13.000000
2022-01-27 23:00:00,5.364775,0.000000,5.064107,4.401503,599,0.000000,27.800000,13.000000,6.914524,-10.888147,80.313994,13.000000
2022-01-27 23:10:00,5.546723,0.000000,5.073950,4.737647,595,0.000000,27.800000,13.000000,7.200000,-13.942857,80.313994,13.000000
2022-01-27 23:20:00,6.358932,0.000000,5.083306,5.244741,599,0.000000,27.800000,13.000000,8.236394,-7.191987,80.313994,13.000000
2022-01-27 23:30:00,6.200334,0.000000,5.084307,5.181302,599,0.000000,27.800000,13.000000,8.500000,-6.584307,80.313994,13.000000
2022-01-27 23:40:00,5.939065,0.000000,5.089149,5.046077,599,0.000000,27.800000,13.000000,8.563773,-7.934891,80.313994,13.000000
2022-01-27 23:50:00,6.008347,0.000000,5.088314,5.057596,599,0.000000,27.800000,13.000000,8.798664,-8.629382,80.313994,13.000000
